YEAR_MONTH,COMMUNITY_AREA,Abandoned Vehicle Complaint,Alley Light Out Complaint,Alley Pothole Complaint,Alley Sewer Inspection Request,Blue Recycling Cart,Building Violation,Buildings - Plumbing Violation,Business Complaints,Check for Leak,Clean Vacant Lot Request,Consumer Fraud Complaint,Coyote Interaction Complaint,Dead Animal Pick-Up Request,Fly Dumping Complaint,Garbage Cart Maintenance,Graffiti Removal Request,Inspect Public Way Request,Low Water Pressure Complaint,Missed Garbage Pick-Up Complaint,No Building Permit and Construction Violation,No Water Complaint,Nuisance Animal Complaint,Open Fire Hydrant Complaint,Pet Wellness Check Request,Pothole in Street Complaint,Recycling Pick Up,Report an Injured Animal,Restaurant Complaint,Rodent Baiting/Rat Complaint,Sanitation Code Violation,Sewer Cave-In Inspection Request,Sewer Cleaning Inspection Request,Sidewalk Inspection Request,Sign Repair Request - All Other Signs,Sign Repair Request - Do Not Enter Sign,Sign Repair Request - One Way Sign,Sign Repair Request - Stop Sign,Stray Animal Complaint,Street Cleaning Request,Street Light Out Complaint,Street Light Pole Damage Complaint,Traffic Signal Out Complaint,Tree Debris Clean-Up Request,Tree Emergency,Tree Planting Request,Tree Removal Inspection,Tree Trim Request (NO LONGER BEING ACCEPTED),Vacant/Abandoned Building Complaint,Vicious Animal Complaint,Water Lead Test Kit Request,Water On Street Complaint,Water Quality Concern,Water in Basement Complaint,Weed Removal Request,Yard Waste Pick-Up Request,total_volume_area_5,total_volume_area_6,total_volume_area_7,total_volume_area_21,total_volume_area_22
2019-01,5,9,17,3,0,10,11,1,0,0,0,1,0,0,0,0,0,3,0,0,0,0,2,0,0,21,1,0,6,0,0,4,6,64,20,0,0,0,0,0,17,0,1,0,0,6,1,19,0,0,68,1,2,0,0,0,294.0,,,,
2019-02,5,16,18,9,1,10,14,2,0,6,0,1,0,0,0,22,22,3,0,0,5,0,4,0,2,122,1,0,3,2,0,4,22,11,19,0,1,0,2,0,99,1,2,1,0,8,2,24,0,0,79,12,1,0,0,1,552.0,,,,
2019-03,5,17,22,28,1,15,16,0,1,29,1,10,3,1,4,28,266,22,1,6,5,2,1,5,1,183,2,6,0,18,6,8,18,16,42,2,3,9,8,7,109,5,39,4,4,7,8,44,2,1,108,14,1,1,0,6,1166.0,,,,
2019-04,5,22,18,29,4,20,26,1,6,2,1,1,2,7,4,35,172,11,1,3,3,2,2,0,0,72,2,5,2,33,12,2,29,8,41,0,1,2,11,0,67,3,17,9,17,47,22,98,1,3,33,27,1,0,0,16,953.0,,,,
2019-05,5,18,15,41,4,24,16,1,2,4,0,1,4,7,3,43,204,23,0,10,7,2,7,3,0,93,0,4,1,52,13,13,77,15,31,3,10,5,12,1,67,3,24,22,11,37,15,85,3,2,14,54,0,2,0,35,1143.0,,,,
2019-06,5,29,15,34,2,20,23,3,2,2,1,2,1,6,12,48,558,17,1,2,10,1,5,0,0,63,1,14,3,53,15,13,98,22,42,1,7,7,10,6,159,6,20,23,30,39,26,132,3,2,15,69,1,10,6,26,1716.0,,,,
2019-07,5,37,21,20,1,26,17,0,2,3,1,1,0,10,3,47,316,24,0,5,14,2,2,5,0,61,1,9,4,77,21,15,29,13,27,0,4,3,10,4,44,11,21,23,44,40,21,98,1,5,151,21,0,1,7,36,1359.0,,,,
2019-08,5,26,13,28,1,22,19,0,0,3,1,3,2,23,13,49,568,21,3,6,11,0,4,2,2,82,2,14,7,67,9,17,15,14,27,0,2,2,6,1,89,8,29,14,24,25,27,80,2,4,97,18,0,0,6,17,1525.0,,,,
2019-09,5,38,30,27,2,19,27,1,1,4,2,1,0,20,2,48,235,12,0,4,12,1,4,5,1,108,3,8,0,58,14,11,27,17,25,2,7,15,9,3,107,9,27,17,15,17,12,93,2,5,145,17,1,0,3,14,1287.0,,,,
2019-10,5,21,9,19,4,24,17,4,2,34,0,2,1,15,9,58,167,35,3,6,12,5,10,1,0,56,1,5,0,62,12,5,18,11,25,0,0,2,3,2,79,6,26,20,35,14,12,76,2,2,89,16,4,3,2,31,1077.0,,,,
2019-11,5,21,22,18,0,21,10,1,1,9,0,1,0,8,4,68,165,15,0,3,12,0,1,1,3,65,4,4,1,38,5,9,9,7,16,0,4,1,4,9,72,6,33,27,28,11,7,67,0,2,43,7,0,0,0,100,963.0,,,,
2019-12,5,36,5,11,0,22,12,3,3,7,0,2,2,3,1,32,189,19,3,7,4,2,1,2,2,35,2,2,1,20,5,5,14,2,26,0,1,6,6,0,61,1,17,6,7,0,3,26,1,2,41,9,0,1,0,27,695.0,,,,
2020-01,5,24,10,16,1,35,15,3,0,4,0,1,12,9,5,34,309,21,1,1,6,1,1,3,1,78,6,1,4,27,6,4,6,8,23,0,0,7,4,3,57,0,15,4,10,2,3,67,2,0,23,9,1,2,0,7,892.0,,,,
2020-02,5,47,15,17,1,30,16,1,5,3,1,2,13,1,5,31,360,19,1,3,5,4,0,0,1,68,5,5,1,18,5,9,4,3,45,1,2,12,2,3,55,2,16,1,1,4,4,36,3,2,13,13,1,0,0,3,918.0,,,,
2020-03,5,17,10,9,1,14,14,0,14,4,0,1,10,19,3,33,377,14,1,2,1,3,8,1,4,72,4,4,4,32,7,7,8,2,26,2,3,7,3,2,83,0,24,7,5,4,8,40,0,2,9,17,0,2,0,2,946.0,,,,
2020-04,5,12,4,54,1,22,9,0,25,2,1,3,2,8,6,32,200,9,1,3,2,0,7,2,1,83,3,4,0,76,8,7,27,4,16,0,1,3,4,5,23,0,11,6,10,5,9,73,3,7,8,24,0,0,0,20,846.0,,,,
2020-05,5,21,0,16,8,37,9,2,18,13,2,1,2,10,14,57,204,13,3,5,7,2,4,9,0,35,2,14,2,104,12,7,42,11,30,0,0,4,1,4,44,3,11,8,10,16,18,86,2,2,4,38,2,23,3,35,1030.0,,,,
2020-06,5,29,0,6,3,59,7,1,11,10,2,0,1,13,13,62,195,18,2,10,8,1,2,0,1,27,8,6,1,142,11,5,23,13,67,0,10,12,3,1,48,3,17,47,55,22,35,132,6,2,9,34,3,4,3,35,1238.0,,,,
2020-07,5,63,5,11,1,37,11,2,21,21,2,0,3,33,6,74,181,22,2,6,6,1,4,7,1,34,5,8,3,141,24,11,23,8,72,2,2,4,3,3,35,6,23,21,34,8,32,93,1,1,7,16,0,1,7,33,1181.0,,,,
2020-08,5,51,5,16,0,48,5,0,14,1,0,1,3,28,8,68,101,13,2,5,11,0,8,0,2,34,5,17,1,144,12,11,9,16,19,0,0,1,5,8,98,17,62,448,458,15,89,150,2,1,11,12,2,0,3,39,2079.0,,,,
2020-09,5,42,8,12,1,35,8,0,15,36,3,1,0,23,9,54,187,16,1,4,6,2,4,4,0,39,3,5,4,100,10,11,12,13,29,0,4,5,2,2,81,2,18,123,70,13,26,85,3,8,59,24,2,0,7,28,1259.0,,,,
2020-10,5,33,3,15,0,30,9,1,14,7,1,1,3,19,8,48,114,16,0,4,6,0,6,0,3,44,4,20,2,87,11,7,15,6,9,0,1,5,2,2,61,2,15,21,12,11,15,59,1,3,7,6,0,1,0,38,808.0,,,,
2020-11,5,16,7,7,1,37,9,1,18,6,1,0,1,7,5,35,116,19,1,8,3,3,6,1,3,27,2,7,0,56,5,2,9,8,41,0,1,7,5,8,35,4,17,21,13,5,10,37,0,7,4,4,1,3,0,105,755.0,,,,
2020-12,5,25,8,7,0,21,10,1,20,6,0,1,5,24,6,50,399,15,0,9,4,2,5,0,0,26,8,2,4,58,7,2,5,9,24,0,0,4,1,6,60,2,18,8,8,2,7,11,0,6,9,8,1,0,0,20,934.0,,,,
2021-01,5,23,6,23,0,45,8,0,12,16,0,2,9,2,0,47,93,5,1,4,2,7,3,1,2,67,6,2,3,60,5,0,5,7,20,0,0,4,6,0,37,5,14,5,11,1,4,21,1,1,15,4,0,3,0,9,627.0,,,,
2021-02,5,35,6,2,4,22,22,2,8,3,0,3,0,5,4,23,125,6,1,43,4,8,1,2,1,117,14,4,0,29,17,5,1,6,27,0,0,2,1,1,32,2,8,2,3,2,1,6,1,1,3,0,0,1,0,2,618.0,,,,
2021-03,5,37,6,22,4,50,12,2,3,14,1,2,1,6,12,56,289,11,1,16,7,8,1,1,0,93,12,4,4,104,20,11,15,9,36,0,3,7,9,13,47,6,25,2,15,9,11,43,3,1,30,8,2,1,0,16,1121.0,,,,
2021-04,5,36,2,12,1,34,11,0,3,5,0,0,0,13,5,50,253,17,0,2,6,0,5,0,0,31,3,4,2,96,13,15,4,10,32,1,0,1,4,5,30,4,13,10,9,24,16,42,3,2,13,1,2,2,0,23,870.0,,,,
2021-05,5,24,2,12,0,24,9,6,1,14,2,2,0,12,4,50,146,13,1,7,5,1,1,0,1,36,2,2,0,117,13,5,4,16,8,2,2,5,2,1,14,3,38,22,39,14,25,79,1,3,9,5,0,3,6,32,845.0,,,,
2021-06,5,32,0,6,5,32,10,0,1,9,1,1,0,14,5,57,259,16,2,7,6,1,3,1,1,28,10,10,4,160,26,6,21,16,25,1,1,1,5,3,23,4,41,49,48,10,38,90,1,1,7,22,1,10,0,37,1168.0,,,,
2021-07,5,30,4,10,2,37,22,3,0,48,2,2,2,19,7,64,217,5,0,8,14,0,2,0,0,37,4,11,3,163,14,3,13,11,25,1,0,4,4,7,24,6,32,48,50,10,35,91,2,4,122,10,1,2,7,30,1272.0,,,,
2021-08,5,27,3,12,2,25,23,1,6,5,0,3,2,21,13,54,218,10,2,7,7,1,4,3,2,18,3,5,3,139,10,3,10,14,28,2,4,2,2,6,8,6,12,47,43,22,29,100,1,1,32,10,1,6,10,35,1063.0,,,,
2021-09,5,43,1,12,3,37,7,3,7,5,0,0,1,10,4,51,108,15,1,2,9,0,1,2,3,14,1,9,3,119,13,3,7,17,45,3,5,5,5,2,30,5,25,24,22,20,26,107,0,1,26,3,0,1,9,22,897.0,,,,
2021-10,5,28,4,14,2,26,7,0,8,16,1,2,0,18,7,38,147,10,2,1,3,3,3,2,0,16,4,12,3,79,6,4,25,10,46,0,5,9,4,3,19,2,40,43,53,16,20,59,1,5,16,21,2,7,0,30,902.0,,,,
2021-11,5,24,3,4,0,19,18,2,4,13,1,0,23,11,8,33,158,17,0,3,7,1,2,7,2,23,3,8,1,55,7,8,7,6,33,0,0,7,2,6,24,1,23,31,13,12,10,30,3,4,12,3,0,2,0,98,792.0,,,,
2021-12,5,24,1,6,2,25,17,1,2,3,0,0,6,11,7,38,101,12,2,8,8,0,0,2,0,14,4,5,2,46,4,5,5,9,24,1,1,7,1,8,29,3,26,27,16,5,7,16,0,1,3,10,0,3,0,65,623.0,,,,
2022-01,5,23,2,2,1,32,4,0,12,16,0,1,1,3,7,29,119,9,0,5,3,6,0,2,0,29,9,2,0,31,7,1,6,16,13,0,0,1,0,0,15,4,17,3,1,1,6,3,3,0,8,3,0,2,0,9,467.0,,,,
2022-02,5,37,5,1,1,18,9,1,2,6,0,0,0,7,4,23,55,7,0,5,7,2,3,0,0,72,7,3,2,26,2,6,15,7,17,0,1,1,2,0,11,2,30,8,4,59,5,0,1,0,8,8,1,0,0,1,492.0,,,,
2022-03,5,40,4,16,2,20,5,5,1,10,2,1,0,9,6,28,145,13,2,3,4,5,1,31,1,176,5,4,3,66,9,7,13,14,41,1,3,12,3,3,21,0,34,18,5,30,20,1,1,4,9,28,0,4,0,19,908.0,,,,
2022-04,5,47,1,30,2,25,10,3,1,11,0,2,0,9,8,34,176,10,1,1,6,2,2,3,3,257,2,5,7,65,11,11,26,17,14,1,6,3,0,4,21,5,13,19,10,30,29,41,5,0,11,24,0,3,0,20,1047.0,,,,
2022-05,5,40,4,41,1,25,12,1,2,6,0,1,6,19,5,38,195,11,3,4,3,3,6,5,2,144,5,17,3,99,14,16,20,20,19,0,3,1,5,5,18,7,88,22,29,23,18,66,2,0,12,42,0,0,4,51,1186.0,,,,
2022-06,5,46,4,29,1,37,9,3,2,23,0,1,2,19,8,31,126,18,1,14,10,1,3,1,1,53,4,10,1,78,16,11,24,10,19,0,5,7,3,13,21,6,39,52,32,48,44,138,3,5,13,15,0,1,4,47,1112.0,,,,
2022-07,5,42,3,25,3,24,15,0,0,18,2,4,1,19,11,49,142,5,3,5,9,2,8,3,1,30,6,7,1,75,11,11,22,33,17,1,2,3,0,6,15,8,36,36,29,18,31,58,5,1,17,29,1,0,8,34,945.0,,,,
2022-08,5,43,8,16,0,24,12,1,3,3,1,0,0,26,5,62,157,23,3,6,2,1,3,1,0,35,4,21,2,97,14,11,13,21,9,0,4,2,1,4,48,9,27,126,124,22,43,112,4,1,3,6,1,1,9,32,1206.0,,,,
2022-09,5,58,3,8,0,34,12,1,1,2,3,1,1,26,9,45,156,13,1,10,8,5,1,8,4,13,5,5,2,95,8,4,8,13,10,1,4,10,6,1,27,2,18,37,22,26,24,61,0,3,58,12,0,65,4,25,979.0,,,,
2022-10,5,46,3,17,1,27,12,2,0,1,0,1,1,10,3,36,120,17,1,5,6,1,6,2,0,29,1,6,0,71,6,3,3,12,9,1,2,2,5,3,14,6,9,13,12,23,16,42,2,7,13,4,0,0,4,43,679.0,,,,
2022-11,5,49,6,6,0,21,12,2,1,5,0,1,2,10,7,35,121,9,1,3,8,1,1,1,1,21,0,2,0,48,5,0,7,5,8,0,1,5,2,7,45,4,20,55,35,13,14,26,3,0,5,5,0,0,0,126,765.0,,,,
2022-12,5,29,8,15,0,26,13,1,2,6,2,1,3,6,5,43,82,7,1,8,10,9,5,0,0,85,6,4,0,46,5,1,6,4,10,0,2,7,7,2,15,3,36,10,3,5,4,17,1,0,3,1,1,1,0,40,607.0,,,,
2023-01,5,41,9,20,0,25,10,1,1,7,0,0,9,10,6,32,94,2,0,6,5,2,2,16,1,148,2,4,2,51,7,5,7,9,9,0,1,1,2,3,20,2,25,4,9,35,8,0,0,1,9,16,0,1,0,13,693.0,,,,
2023-02,5,41,1,27,0,10,11,0,1,9,2,3,1,9,0,21,69,6,2,10,6,2,5,18,1,121,4,3,3,37,12,3,34,8,10,0,3,2,4,6,16,1,17,15,10,33,14,33,5,0,7,40,0,4,0,6,706.0,,,,
2023-03,5,42,6,28,2,17,10,1,0,4,0,0,8,6,4,44,61,11,2,1,6,2,6,0,1,80,6,6,5,52,10,6,11,5,23,1,1,3,3,7,30,2,29,3,15,12,10,0,3,0,5,20,0,3,0,12,625.0,,,,
2023-04,5,51,19,35,0,24,25,0,0,6,3,0,0,13,4,48,91,8,2,2,11,1,2,1,2,75,3,6,1,70,9,6,13,14,13,0,1,1,0,4,46,6,9,20,7,31,19,14,1,2,11,12,1,0,0,33,776.0,,,,
2023-05,5,49,3,16,1,18,12,1,1,18,0,0,5,29,2,46,88,15,2,7,14,1,7,0,1,49,1,13,1,112,16,6,2,19,18,0,3,6,6,2,19,3,34,20,8,34,32,12,8,6,23,15,1,0,7,70,882.0,,,,
2023-06,5,69,8,12,0,24,19,0,0,4,1,1,3,19,12,41,93,14,0,12,18,1,2,1,1,42,2,7,0,115,21,7,6,22,6,1,0,3,4,7,42,2,14,22,19,41,40,21,4,6,36,6,1,3,10,26,891.0,,,,
2023-07,5,54,8,10,2,32,9,1,2,2,0,1,15,16,7,60,101,16,2,8,10,0,5,1,1,28,6,4,2,121,13,8,26,12,10,0,0,3,2,10,20,4,23,65,44,29,39,5,2,0,17,33,0,18,17,40,964.0,,,,
2023-08,5,44,5,13,0,48,15,2,4,6,1,1,8,17,8,67,79,13,2,9,7,14,2,5,0,46,1,11,4,117,12,9,11,22,13,0,1,2,4,3,15,4,23,30,23,38,46,10,2,1,7,5,0,2,8,38,878.0,,,,
2023-09,5,42,2,12,0,48,11,2,5,5,2,2,6,47,6,64,71,14,3,2,17,3,3,3,1,36,1,6,2,110,18,4,6,43,19,1,9,15,2,4,12,2,12,26,25,27,26,8,1,3,19,11,0,1,7,22,849.0,,,,
2023-10,5,38,7,21,1,22,8,1,3,18,1,0,4,3,6,35,99,21,2,4,8,8,7,0,6,45,4,7,2,60,5,2,11,28,25,4,10,7,2,4,47,1,63,26,15,21,30,17,1,8,6,9,1,5,4,41,834.0,,,,
2023-11,5,37,1,14,0,30,12,2,1,0,3,2,5,7,3,40,80,5,0,12,10,1,13,1,4,32,3,5,3,49,10,3,9,8,17,1,3,3,4,9,29,4,31,8,4,5,11,6,0,2,15,7,0,0,1,144,709.0,,,,
2023-12,5,31,2,19,1,26,3,2,2,5,0,0,6,13,5,33,103,7,1,4,5,1,1,11,4,61,6,1,1,51,9,5,7,7,13,0,3,6,5,13,44,1,11,6,4,0,11,2,2,1,11,22,2,0,0,54,644.0,,,,
2024-01,5,31,8,66,0,28,7,3,2,12,2,2,4,11,9,35,84,8,2,17,2,6,2,2,7,157,7,2,5,31,13,9,20,17,9,0,0,2,1,9,29,5,52,7,13,2,10,2,2,2,13,30,0,1,0,9,809.0,,,,
2024-02,5,50,2,33,2,20,8,1,2,14,2,0,3,11,5,28,115,12,4,5,8,1,2,1,1,98,3,10,1,47,9,11,2,8,18,0,3,0,2,11,21,3,27,17,7,14,13,9,7,2,14,7,1,0,0,11,706.0,,,,
2024-03,5,40,6,25,1,28,5,2,1,5,2,0,3,7,11,34,108,16,0,4,3,5,10,0,1,84,5,5,3,44,7,7,32,29,30,2,2,14,1,9,15,5,13,23,17,22,15,53,3,0,66,48,1,3,0,21,896.0,,,,
2024-04,5,42,2,55,1,31,9,2,1,15,2,1,4,11,4,43,137,12,1,4,3,1,5,2,0,70,4,6,1,64,12,5,23,24,15,0,0,3,2,14,31,5,15,25,26,35,36,75,2,2,42,56,0,2,2,42,1027.0,,,,
2024-05,5,58,6,37,1,30,10,2,3,9,1,2,10,11,10,40,92,17,3,6,5,1,5,1,0,62,8,19,1,63,13,10,32,31,11,0,1,7,9,6,30,9,18,127,99,40,44,76,2,3,15,79,0,1,3,86,1265.0,,,,
2024-06,5,31,9,20,1,31,14,6,0,9,1,0,3,20,14,34,212,13,1,7,4,7,7,2,0,58,5,7,1,68,8,15,10,38,15,0,0,3,1,8,49,18,19,104,75,36,42,54,5,0,15,34,1,0,7,47,1189.0,,,,
2024-07,5,41,15,28,2,26,21,1,0,11,3,0,3,35,17,52,134,19,1,7,3,1,3,3,2,49,2,9,1,98,18,9,9,46,15,0,3,4,3,3,42,6,35,177,114,32,64,37,6,4,14,17,0,2,14,44,1305.0,,,,
2024-08,5,44,3,9,0,43,9,2,1,3,2,0,2,34,10,49,156,16,1,9,10,3,6,3,2,40,5,9,2,78,10,9,6,40,19,1,0,3,3,6,13,5,33,36,58,21,28,80,1,2,11,8,0,0,7,32,983.0,,,,
2024-09,5,38,6,8,2,31,6,1,6,9,3,0,3,22,5,54,99,15,0,4,5,6,5,9,4,34,1,10,4,83,10,9,11,24,62,1,0,3,1,8,28,4,47,22,41,13,26,16,0,2,11,11,1,1,5,36,866.0,,,,
2024-10,5,36,6,14,0,28,12,0,1,7,0,1,5,24,10,44,120,14,3,6,7,2,8,1,2,41,1,14,1,85,7,6,12,23,10,1,2,2,3,5,36,1,34,37,43,14,26,100,2,1,34,4,4,0,4,61,965.0,,,,
2024-11,5,31,26,19,0,18,4,2,1,7,0,0,5,19,8,33,145,13,3,5,6,2,2,0,1,21,2,9,2,51,5,5,10,5,11,1,1,9,5,8,34,1,22,14,12,6,7,57,1,2,14,9,0,1,0,122,797.0,,,,
2024-12,5,29,0,0,2,21,8,1,3,8,1,3,10,8,6,34,148,6,2,5,3,2,5,3,0,12,7,3,3,29,6,1,3,4,15,0,4,4,3,4,24,3,30,7,9,7,1,94,0,0,16,9,0,0,0,77,683.0,,,,
2025-01,5,43,13,9,4,46,9,5,1,15,1,1,7,6,4,45,125,9,1,7,4,7,3,0,1,56,7,2,5,34,3,5,7,10,15,1,0,5,3,4,26,6,55,3,2,4,5,41,0,1,16,22,0,8,0,14,726.0,,,,
2025-02,5,36,25,12,1,20,5,6,5,11,0,0,1,8,6,32,103,7,1,2,11,6,4,8,1,84,4,3,1,32,5,10,2,12,13,0,3,2,1,5,22,2,29,2,4,20,6,9,2,1,10,3,4,3,0,6,611.0,,,,
2025-03,5,63,11,25,0,20,8,1,0,8,1,0,4,16,4,38,155,11,0,7,20,0,3,0,0,92,5,4,2,32,9,2,7,14,16,0,0,2,1,14,15,3,44,20,9,34,11,66,4,1,6,22,0,1,0,17,848.0,,,,
2025-04,5,52,3,28,2,29,14,3,1,6,2,0,2,17,2,50,86,20,1,7,18,0,2,1,0,84,2,11,3,58,19,7,11,18,15,2,7,15,1,10,26,9,41,14,18,91,21,54,2,2,7,50,2,1,0,56,1003.0,,,,
2025-05,5,74,1,39,0,29,15,1,2,5,1,1,5,7,9,35,94,6,0,3,6,3,1,0,2,164,4,4,1,78,10,5,23,17,20,0,0,9,4,15,18,2,48,47,61,36,44,16,0,1,12,12,0,3,8,58,1059.0,,,,
2025-06,5,59,1,30,2,29,13,1,2,2,4,1,4,21,8,37,117,14,2,16,4,0,1,1,4,109,5,9,6,117,13,10,34,14,14,0,6,5,0,4,23,0,38,47,74,22,41,21,9,3,15,23,1,0,8,69,1113.0,,,,
2025-07,5,47,4,14,3,34,10,1,3,7,1,2,2,23,13,67,97,26,2,14,11,2,3,4,0,115,5,12,4,171,14,5,17,21,16,3,3,3,2,3,19,2,25,43,55,132,42,53,3,1,30,30,1,2,16,55,1293.0,,,,
2025-08,5,54,1,14,9,47,13,1,1,5,3,2,6,37,6,59,108,10,0,13,8,0,1,10,2,40,4,14,0,114,9,17,12,14,14,1,0,8,1,3,26,5,51,27,50,25,38,55,4,2,57,24,0,8,12,46,1091.0,,,,
2025-09,5,52,4,10,1,26,5,0,0,15,0,1,0,25,9,57,119,12,9,10,12,5,3,1,3,18,4,20,3,111,17,3,12,8,21,0,1,1,4,7,21,2,14,32,50,27,33,29,3,2,44,16,0,1,7,35,925.0,,,,
2025-10,5,63,5,15,1,27,12,4,1,13,0,1,5,15,1,57,108,9,2,2,6,3,5,2,4,15,2,7,4,83,3,7,5,13,27,1,3,5,3,2,15,3,25,17,26,7,45,96,5,4,44,23,2,3,3,44,903.0,,,,
2025-11,5,49,3,6,1,27,4,1,4,20,1,0,6,16,8,42,102,14,0,3,1,2,3,1,2,17,5,4,4,56,5,4,4,7,8,1,1,6,2,4,22,3,32,14,18,6,12,167,0,6,22,2,0,2,0,143,893.0,,,,
2025-12,5,67,11,5,3,19,17,1,1,8,0,2,5,19,4,40,202,9,1,12,5,5,3,6,2,40,12,2,2,46,10,4,3,3,4,0,0,2,2,1,12,1,21,9,12,5,5,152,5,0,19,9,0,1,0,35,864.0,,,,
2019-01,6,0,38,6,0,17,41,6,0,0,0,3,0,0,0,0,0,0,1,0,0,0,3,0,1,30,2,0,14,0,0,3,6,53,33,0,0,0,0,0,27,0,6,0,0,1,0,35,1,0,41,6,1,0,0,0,,375.0,,,
2019-02,6,9,12,9,3,14,40,11,0,3,3,4,1,0,1,32,4,1,1,2,3,0,3,0,3,231,2,0,8,11,6,2,9,11,19,0,0,1,4,0,59,0,21,2,1,6,14,21,2,0,91,13,4,0,0,1,,698.0,,,
2019-03,6,65,31,39,1,23,32,5,4,8,1,7,3,11,6,34,96,22,3,5,11,10,4,3,2,355,2,5,9,117,19,23,28,15,235,2,25,22,2,6,115,10,68,11,3,12,5,61,5,0,61,27,0,3,0,14,,1686.0,,,
2019-04,6,30,17,36,4,24,32,6,3,38,2,3,12,22,12,49,133,35,6,9,19,12,4,2,1,187,2,7,12,137,30,31,33,11,122,1,2,16,6,16,109,9,168,13,40,23,16,34,2,0,50,28,2,2,0,23,,1643.0,,,
2019-05,6,32,20,44,3,13,43,6,5,9,2,8,8,13,15,43,144,19,5,8,19,7,9,5,2,167,2,19,10,131,34,18,43,16,106,6,9,7,13,8,92,3,81,25,17,10,25,55,0,6,23,68,3,7,2,35,,1523.0,,,
2019-06,6,34,29,24,2,23,40,6,7,20,1,12,1,22,41,43,502,20,6,7,15,8,12,1,2,146,1,19,23,223,47,18,75,28,113,3,5,8,13,11,190,12,72,51,74,19,61,161,2,1,24,74,2,5,5,34,,2398.0,,,
2019-07,6,28,14,37,5,32,47,3,3,13,0,7,2,36,41,69,421,30,1,21,19,3,15,5,4,146,7,19,21,271,90,33,49,16,93,0,8,3,15,4,136,3,63,26,37,24,57,300,2,8,264,42,0,3,8,34,,2638.0,,,
2019-08,6,29,37,50,4,34,34,3,2,8,3,5,0,40,31,77,350,21,3,13,18,3,8,1,4,176,4,19,16,324,74,15,39,148,93,3,11,12,12,17,180,6,80,29,39,17,83,1407,2,4,138,57,0,7,3,28,,3821.0,,,
2019-09,6,53,32,32,1,28,30,9,3,16,1,12,1,26,21,70,263,27,2,12,23,4,11,6,0,122,3,10,10,289,52,22,18,17,66,2,0,5,18,1,93,6,93,19,19,23,29,490,7,5,114,24,2,2,18,23,,2285.0,,,
2019-10,6,19,20,24,0,33,36,8,6,9,3,3,0,24,10,55,148,31,1,7,15,1,8,2,3,115,3,10,8,228,32,7,25,14,61,3,2,13,4,11,126,6,111,17,49,7,19,59,4,7,124,17,3,5,3,35,,1594.0,,,
2019-11,6,26,27,16,0,27,25,3,2,8,0,6,0,7,11,28,283,25,1,11,7,4,6,4,3,47,2,10,6,100,23,12,5,8,92,3,8,17,6,12,130,5,52,19,30,0,8,39,2,10,71,17,6,0,0,139,,1409.0,,,
2019-12,6,39,24,19,0,34,28,5,1,11,8,6,11,12,13,44,278,21,2,5,5,4,8,2,6,56,2,15,10,121,22,10,22,5,92,0,7,8,7,18,66,3,49,7,9,4,4,12,0,6,36,7,0,4,0,56,,1244.0,,,
2020-01,6,32,18,13,2,17,30,4,4,42,0,4,17,7,13,47,346,21,1,14,11,8,6,1,6,105,14,8,6,118,22,14,9,10,50,2,3,19,5,5,48,8,170,3,7,8,12,15,1,7,50,28,4,1,0,8,,1424.0,,,
2020-02,6,45,13,8,0,24,21,4,0,19,2,8,5,6,13,32,190,26,3,13,6,2,6,0,6,68,9,18,11,84,23,10,4,9,53,0,5,7,7,4,60,7,69,2,0,15,5,35,0,1,28,7,0,2,0,1,,996.0,,,
2020-03,6,14,7,12,0,25,26,10,20,15,0,6,8,28,11,33,485,21,0,14,7,5,12,2,1,66,7,5,13,107,31,4,7,6,163,7,12,13,8,7,74,8,68,5,7,5,11,29,0,5,20,23,2,4,0,11,,1490.0,,,
2020-04,6,7,10,24,4,33,14,4,76,6,2,7,7,25,20,43,316,11,1,7,13,0,8,4,2,59,8,10,3,123,19,2,30,7,100,1,7,4,3,9,23,4,42,5,0,4,11,28,0,7,8,33,1,2,0,38,,1235.0,,,
2020-05,6,29,5,18,9,30,22,3,40,9,1,4,6,21,33,57,224,14,2,27,16,5,11,3,0,52,9,17,14,167,39,7,54,13,63,4,4,7,6,14,29,2,46,18,9,15,31,77,0,6,11,72,1,16,4,76,,1472.0,,,
2020-06,6,32,18,17,5,41,32,6,56,24,4,4,1,34,31,82,235,28,0,27,15,3,10,4,1,57,9,22,19,207,23,8,29,13,75,3,6,10,5,14,51,7,52,41,50,12,50,141,3,4,13,48,1,3,0,57,,1743.0,,,
2020-07,6,35,2,13,0,51,31,2,77,17,7,7,2,25,41,66,221,22,2,36,16,2,7,16,2,65,10,11,16,267,49,24,26,13,52,1,7,8,3,5,32,9,58,29,44,15,32,98,3,2,22,18,3,3,7,43,,1675.0,,,
2020-08,6,39,8,22,2,52,18,8,55,14,5,3,1,29,41,91,223,16,2,4,16,1,6,4,4,53,13,11,18,288,65,9,22,17,33,2,0,3,6,13,74,20,39,464,525,16,85,138,5,6,23,22,1,2,13,40,,2690.0,,,
2020-09,6,14,12,17,2,66,25,3,46,16,4,4,2,28,17,81,369,18,3,17,10,2,10,12,2,35,9,12,11,266,41,5,13,12,47,0,3,9,6,9,86,3,42,102,55,17,31,116,4,5,73,12,4,0,8,23,,1839.0,,,
2020-10,6,24,10,19,0,46,41,6,35,8,0,1,3,28,27,51,171,16,1,4,17,0,8,11,1,23,7,11,19,250,54,8,15,9,18,4,1,2,6,7,44,5,36,24,43,9,22,101,2,8,40,17,3,1,0,46,,1363.0,,,
2020-11,6,35,9,13,0,43,26,4,69,16,1,4,5,19,11,52,205,11,1,12,4,3,3,3,1,24,4,8,21,166,39,2,16,5,47,0,4,1,1,22,31,16,50,17,12,29,15,60,1,4,14,15,2,6,0,156,,1338.0,,,
2020-12,6,22,7,15,2,39,19,10,105,22,2,4,7,17,10,57,698,12,1,28,10,2,11,0,6,42,15,9,12,146,24,8,11,7,16,2,2,11,3,6,62,1,35,6,5,3,13,14,1,1,27,13,2,9,0,25,,1637.0,,,
2021-01,6,20,9,44,3,42,23,3,76,8,0,2,1,9,9,49,272,7,3,13,8,1,10,0,3,110,21,4,19,115,25,6,5,8,23,0,1,5,10,2,28,9,44,5,5,9,8,20,0,4,20,10,1,0,0,9,,1141.0,,,
2021-02,6,34,7,2,2,22,53,10,15,6,2,1,0,6,7,31,111,6,3,58,8,10,11,7,6,63,19,2,7,40,46,4,3,3,49,0,0,0,2,1,40,6,50,3,0,6,1,4,1,6,17,4,2,2,0,1,,800.0,,,
2021-03,6,48,5,33,6,50,43,8,25,6,3,3,0,15,19,78,319,19,4,16,8,1,13,13,5,104,7,4,8,191,47,7,5,10,118,0,5,5,4,5,74,7,78,5,15,15,16,40,2,1,43,3,3,2,0,29,,1593.0,,,
2021-04,6,42,7,15,2,42,35,2,13,9,1,1,0,34,25,71,497,20,0,9,11,3,16,0,6,66,7,11,5,211,33,8,16,18,113,2,2,5,6,6,41,9,76,11,12,38,17,37,2,3,43,7,2,3,0,26,,1697.0,,,
2021-05,6,34,2,20,0,42,27,5,12,13,1,4,11,27,38,57,253,15,0,12,5,3,16,1,4,56,7,16,5,225,42,9,6,11,58,0,3,3,7,7,39,3,44,15,31,23,44,87,1,8,32,9,0,3,0,43,,1439.0,,,
2021-06,6,32,6,9,7,35,47,8,2,10,4,3,0,24,25,71,429,22,6,18,13,5,14,1,1,48,4,13,9,301,44,10,41,15,49,0,3,13,2,6,42,6,56,27,32,16,53,90,3,8,27,44,4,17,7,44,,1826.0,,,
2021-07,6,21,4,19,6,38,39,5,6,49,7,1,0,42,23,65,194,26,4,23,18,2,5,1,1,107,5,25,13,336,24,13,20,14,50,2,0,5,2,8,34,4,89,31,37,17,43,87,4,7,160,15,0,13,12,47,,1823.0,,,
2021-08,6,46,2,22,0,34,33,12,22,9,5,2,0,37,29,61,334,27,4,19,15,19,6,7,2,46,7,10,21,274,64,8,19,10,75,3,3,13,4,6,49,10,63,47,51,9,47,80,5,7,70,8,0,2,3,36,,1797.0,,,
2021-09,6,38,5,26,2,35,35,9,39,10,0,2,0,39,21,64,162,25,4,11,16,3,8,14,0,34,6,10,19,254,38,12,8,17,49,5,2,9,9,4,21,3,49,25,14,21,23,72,4,6,46,9,1,2,3,23,,1366.0,,,
2021-10,6,26,4,9,5,30,36,7,17,25,3,1,3,39,19,59,202,24,2,10,11,4,7,3,5,41,5,10,10,235,25,6,22,9,57,1,1,4,6,5,108,6,74,61,82,8,33,99,1,6,36,35,3,2,0,57,,1599.0,,,
2021-11,6,25,18,12,1,26,31,11,18,15,2,4,3,19,13,45,204,28,2,10,10,1,6,3,4,61,4,4,5,155,47,4,9,6,43,0,0,6,5,8,35,8,53,17,3,7,15,30,1,3,23,5,0,2,0,109,,1179.0,,,
2021-12,6,38,9,9,2,30,20,3,27,15,0,4,1,8,16,34,158,28,2,27,6,5,7,5,2,90,6,7,19,133,38,3,8,6,40,5,0,2,4,8,40,3,74,20,27,2,15,41,4,8,27,27,0,2,0,89,,1204.0,,,
2022-01,6,25,4,8,0,30,39,16,33,17,0,3,3,5,10,39,244,12,2,14,4,4,5,17,7,58,10,3,11,73,16,3,6,10,40,0,0,2,5,3,44,9,59,5,6,12,7,4,1,3,59,0,2,0,0,15,,1007.0,,,
2022-02,6,42,2,4,5,16,32,14,13,6,0,0,0,6,8,32,112,7,0,13,12,5,15,4,5,127,9,0,6,71,21,3,18,8,38,0,2,5,5,1,56,3,55,5,1,30,6,0,5,3,33,17,1,4,0,1,,887.0,,,
2022-03,6,51,6,31,4,26,38,4,9,15,2,7,6,24,7,52,260,18,1,8,19,5,16,3,2,206,7,6,6,147,30,10,11,18,251,1,5,6,1,8,46,6,67,9,5,42,10,1,6,5,27,33,1,2,0,19,,1606.0,,,
2022-04,6,55,7,87,7,17,30,10,3,7,1,6,14,23,10,40,244,23,1,7,16,1,7,4,6,402,3,5,12,150,23,10,53,16,50,1,3,6,3,13,14,8,64,13,11,44,20,36,2,4,22,53,2,2,0,44,,1715.0,,,
2022-05,6,39,8,38,5,37,41,22,3,19,4,3,29,46,22,61,329,26,1,15,13,3,7,2,1,220,3,18,10,178,32,19,33,19,48,1,4,11,4,5,56,4,69,20,16,31,53,64,2,4,20,46,2,6,0,75,,1847.0,,,
2022-06,6,54,11,51,3,42,34,14,4,10,4,2,5,23,30,64,329,25,5,31,12,10,13,2,5,188,21,5,5,193,21,22,35,26,67,3,2,9,15,6,63,6,88,68,38,78,118,194,2,4,20,45,1,1,8,45,,2180.0,,,
2022-07,6,48,4,23,1,26,52,12,4,16,9,4,4,38,34,43,442,33,2,21,13,4,10,0,2,107,11,36,14,225,45,34,35,23,46,2,3,8,12,7,43,10,94,60,30,29,80,91,3,8,21,23,3,2,14,50,,2014.0,,,
2022-08,6,44,15,29,3,19,36,12,5,16,0,6,4,40,21,63,313,20,3,17,19,5,4,2,0,65,15,20,14,249,53,7,11,15,34,2,9,4,12,14,73,12,74,69,40,83,59,77,1,4,29,5,1,3,13,53,,1816.0,,,
2022-09,6,46,8,8,3,42,27,9,7,6,3,4,1,34,18,73,202,23,4,14,12,1,7,16,3,28,4,12,13,221,33,13,9,25,18,1,7,4,3,5,77,5,59,25,31,18,37,58,3,4,179,9,1,4,11,35,,1523.0,,,
2022-10,6,29,13,11,3,16,33,12,6,25,3,21,1,28,13,47,214,23,0,8,13,10,8,1,6,28,6,8,10,172,18,8,7,17,16,2,4,6,4,6,76,1,71,21,14,14,5,59,8,8,34,15,2,3,1,72,,1260.0,,,
2022-11,6,23,7,10,2,18,35,12,3,7,1,5,3,14,11,39,263,18,3,13,11,1,18,1,4,29,7,5,8,139,10,4,7,4,34,1,2,6,4,9,79,9,78,57,28,9,15,38,1,2,27,7,1,2,0,166,,1310.0,,,
2022-12,6,61,10,14,2,16,31,8,7,18,1,3,5,22,16,36,163,14,8,14,6,19,2,25,1,108,20,2,6,103,16,0,15,5,32,1,3,8,4,11,61,3,46,10,10,7,12,17,1,3,26,12,2,2,0,62,,1110.0,,,
2023-01,6,36,7,23,1,20,27,10,2,19,2,2,7,23,23,38,150,19,2,7,9,5,17,5,2,185,12,2,14,127,16,7,18,9,41,1,5,6,5,17,46,7,36,11,10,15,7,0,2,3,26,21,2,8,0,21,,1136.0,,,
2023-02,6,41,4,23,5,9,28,10,4,14,0,6,8,14,18,27,165,14,1,4,9,0,10,13,6,166,11,1,9,101,18,10,33,12,26,4,3,8,3,8,19,4,61,10,7,10,18,12,5,1,23,51,1,8,0,11,,1087.0,,,
2023-03,6,45,14,31,0,23,26,15,3,11,2,4,10,45,12,52,210,17,1,7,8,2,6,0,3,169,7,6,5,133,34,9,24,10,27,2,8,12,6,8,64,3,55,6,3,43,14,1,4,6,26,46,2,2,0,22,,1304.0,,,
2023-04,6,43,18,43,3,25,30,10,6,4,2,1,5,14,14,47,196,29,7,9,19,4,12,3,0,89,5,14,11,140,32,6,11,22,13,2,0,5,4,21,33,5,69,20,20,36,37,109,2,9,26,23,1,1,0,48,,1358.0,,,
2023-05,6,37,18,24,1,31,34,19,2,6,3,4,7,34,22,48,174,24,7,11,14,6,19,1,2,72,4,10,18,186,36,8,4,28,40,1,4,8,4,4,52,10,111,17,15,38,65,303,3,11,30,11,1,3,3,83,,1731.0,,,
2023-06,6,80,4,13,2,17,39,14,5,5,6,2,9,25,30,71,193,19,2,17,18,0,11,4,4,82,9,12,8,211,26,10,15,19,34,0,4,7,3,10,56,6,43,43,36,47,85,206,2,2,31,11,0,0,6,57,,1671.0,,,
2023-07,6,55,10,25,1,33,29,7,18,19,3,1,9,49,68,63,169,16,7,10,6,5,6,5,2,56,5,11,16,257,41,18,36,18,43,2,7,5,2,14,31,2,55,88,48,31,66,83,3,4,37,75,3,11,18,80,,1782.0,,,
2023-08,6,65,7,18,1,37,36,6,8,11,10,14,15,40,43,67,194,25,3,12,4,9,13,4,6,61,9,13,11,245,40,7,11,17,30,2,6,8,9,11,72,5,55,48,26,29,42,88,4,5,39,23,1,1,26,52,,1644.0,,,
2023-09,6,48,2,18,4,27,26,6,8,21,7,5,5,51,34,61,192,17,4,15,17,3,17,15,3,33,7,23,7,299,36,5,22,25,16,3,0,3,4,8,57,5,84,39,33,35,53,82,1,8,49,25,0,10,6,28,,1612.0,,,
2023-10,6,41,10,19,1,29,46,7,11,6,4,7,3,24,16,53,164,24,5,13,13,2,23,34,3,46,5,12,9,223,27,15,11,19,29,3,1,11,4,6,58,10,106,27,28,13,32,128,2,14,25,17,2,4,1,73,,1519.0,,,
2023-11,6,54,6,16,2,10,35,8,8,7,1,5,7,25,21,35,227,25,2,19,10,6,15,2,7,26,6,9,7,165,19,3,11,16,23,3,2,9,10,24,62,1,80,7,6,10,22,91,4,6,24,9,0,1,0,225,,1434.0,,,
2023-12,6,31,12,23,4,25,23,11,9,2,1,3,1,22,23,28,187,19,3,16,11,5,6,4,4,102,8,3,5,94,14,9,19,17,34,0,3,9,2,28,29,3,53,3,3,6,6,103,2,3,26,33,2,0,0,87,,1179.0,,,
2024-01,6,39,6,28,4,21,37,13,3,14,1,3,9,24,21,46,166,26,2,30,16,6,7,3,5,131,7,12,3,125,26,9,23,20,35,0,2,9,7,16,54,15,69,11,8,0,10,125,2,6,41,57,0,4,0,17,,1374.0,,,
2024-02,6,54,7,15,4,22,36,16,9,23,4,8,9,28,20,52,151,31,7,5,16,9,8,3,1,184,8,3,2,124,15,8,13,15,30,1,4,6,4,12,47,7,57,8,2,28,21,109,3,5,27,18,1,1,0,26,,1327.0,,,
2024-03,6,39,12,34,7,21,29,8,5,8,4,2,4,33,14,49,390,21,1,13,25,0,12,3,8,146,7,6,8,111,19,6,23,22,54,1,10,11,5,17,43,7,72,14,14,34,12,106,2,3,125,60,2,5,0,28,,1715.0,,,
2024-04,6,41,8,26,8,23,20,5,6,13,1,2,5,31,21,44,261,26,4,6,15,2,6,5,3,80,6,14,10,129,21,18,29,33,41,0,3,5,6,24,56,6,59,37,21,34,42,107,2,13,125,67,3,3,1,62,,1639.0,,,
2024-05,6,58,9,25,3,35,64,26,7,17,5,4,10,35,19,57,193,29,4,20,24,4,17,4,4,101,8,24,2,162,33,10,51,38,36,0,2,7,8,17,55,9,47,103,105,43,78,84,5,6,30,83,0,6,20,116,,1962.0,,,
2024-06,6,40,7,23,3,34,37,10,5,7,6,5,3,36,31,64,444,33,3,12,12,8,5,11,6,94,8,16,12,180,48,10,25,27,52,1,0,7,9,8,63,4,75,94,113,31,75,101,3,3,32,50,1,5,10,94,,2096.0,,,
2024-07,6,32,6,22,4,23,37,10,6,17,6,8,2,48,34,70,244,34,4,15,13,3,5,1,2,108,6,13,16,227,45,15,28,35,25,2,5,8,5,8,38,6,91,209,160,73,70,68,5,3,29,66,2,6,25,75,,2118.0,,,
2024-08,6,42,5,17,1,20,28,3,13,8,4,6,0,36,37,48,212,13,1,21,16,2,14,1,2,90,8,23,4,214,41,19,22,28,48,1,3,5,6,13,37,5,86,41,78,35,46,72,4,2,28,17,0,6,27,55,,1614.0,,,
2024-09,6,37,4,23,1,27,38,5,16,7,4,7,1,59,27,61,210,15,0,9,16,1,6,23,6,77,10,12,10,205,33,6,12,21,39,0,3,10,9,11,76,2,40,22,37,32,36,11,7,8,31,17,2,6,9,59,,1456.0,,,
2024-10,6,42,10,15,4,27,27,10,15,28,3,4,6,37,20,49,254,17,0,14,12,3,12,15,7,55,8,13,6,177,21,6,10,26,31,0,0,11,2,7,64,11,94,32,28,32,37,77,2,14,53,22,0,1,3,83,,1557.0,,,
2024-11,6,38,9,17,0,17,17,10,9,9,2,2,28,31,13,50,164,16,4,16,12,5,10,5,4,41,7,12,2,109,11,8,12,12,20,1,1,4,2,14,50,5,78,17,23,9,18,168,0,9,24,28,0,5,0,187,,1365.0,,,
2024-12,6,35,4,14,1,23,23,5,7,9,2,1,8,31,12,36,182,14,5,7,8,3,9,3,4,34,16,3,17,102,13,1,15,11,22,2,5,5,6,17,47,5,82,12,8,3,9,97,0,5,19,19,0,8,0,145,,1174.0,,,
2025-01,6,53,15,21,3,30,32,16,8,22,1,5,16,35,10,31,246,14,3,23,8,15,4,1,4,100,14,8,15,99,13,3,6,9,26,1,4,21,6,5,56,1,131,18,5,1,4,156,4,7,37,30,1,2,0,17,,1416.0,,,
2025-02,6,47,15,6,0,27,29,9,13,7,2,8,7,20,7,43,218,8,0,8,13,10,7,4,4,83,6,8,6,86,17,5,12,10,22,0,4,5,3,9,59,4,61,4,15,12,8,259,0,3,28,10,3,2,0,13,,1269.0,,,
2025-03,6,55,5,28,4,31,31,6,13,11,1,3,3,20,16,52,249,28,1,10,20,1,10,0,1,179,10,11,11,118,17,6,14,25,37,2,2,6,4,14,32,11,94,16,27,31,18,173,0,2,25,50,0,3,0,36,,1573.0,,,
2025-04,6,33,7,45,2,31,44,7,8,8,5,7,10,34,31,45,245,25,1,7,15,3,16,6,3,148,1,13,19,141,30,17,26,27,40,1,4,13,3,25,46,7,71,19,24,49,32,223,1,5,21,59,0,3,1,66,,1773.0,,,
2025-05,6,60,11,43,3,30,39,6,14,8,5,5,7,35,53,49,336,15,1,12,9,3,14,2,5,96,8,28,10,149,34,8,21,20,46,3,0,8,3,17,37,5,90,46,53,38,70,33,0,9,16,34,0,1,5,93,,1746.0,,,
2025-06,6,55,6,29,3,30,38,4,9,14,5,3,7,60,56,53,291,31,1,20,23,2,22,1,6,130,14,15,18,217,44,6,29,22,45,4,9,8,8,17,61,1,113,53,80,62,88,128,7,9,33,59,1,3,21,118,,2192.0,,,
2025-07,6,58,8,21,3,45,50,12,5,7,14,4,0,61,64,69,234,26,2,33,26,6,11,7,6,89,9,23,10,272,58,20,17,18,32,3,1,10,2,18,57,1,77,69,151,54,78,96,5,3,72,50,0,9,56,101,,2233.0,,,
2025-08,6,49,2,30,0,41,49,12,5,5,2,5,1,72,60,76,352,28,0,14,19,2,6,0,5,48,7,29,22,251,58,9,17,19,48,3,4,8,5,14,19,8,66,42,71,43,51,128,0,11,123,42,2,9,45,97,,2134.0,,,
2025-09,6,43,1,23,1,30,39,11,4,11,6,2,11,70,43,47,363,28,0,8,16,1,10,9,1,33,7,12,15,232,54,12,7,22,34,2,5,3,4,15,20,2,76,43,38,41,60,57,0,6,107,16,0,7,22,63,,1793.0,,,
2025-10,6,39,13,26,0,27,50,11,3,13,3,3,14,58,27,43,737,21,0,6,13,3,18,5,2,53,11,13,11,158,27,4,11,14,93,6,0,11,5,4,72,6,70,18,22,92,47,104,2,9,60,27,1,3,8,72,,2169.0,,,
2025-11,6,43,7,12,1,34,29,9,7,12,3,2,13,25,15,44,687,18,2,16,6,2,8,1,8,27,18,1,11,118,24,5,6,22,33,2,0,8,6,16,74,6,69,21,25,14,25,126,3,3,35,3,3,5,0,250,,1963.0,,,
2025-12,6,54,2,8,1,26,34,20,6,13,1,4,17,33,26,33,347,14,1,27,7,6,10,5,5,49,24,14,10,64,33,3,4,7,45,2,6,4,4,10,69,1,64,12,13,3,14,157,1,4,31,13,3,3,0,43,,1410.0,,,
2019-01,7,2,31,4,0,10,28,2,0,1,0,1,0,0,0,1,0,1,2,0,1,0,2,0,2,24,2,0,6,0,0,4,4,67,28,0,0,0,5,0,21,0,9,0,0,3,2,9,0,0,24,2,2,1,0,0,,,301.0,,
2019-02,7,10,26,12,3,7,26,9,0,3,0,3,0,0,1,13,2,6,3,1,2,0,0,0,1,305,1,0,8,4,1,3,18,6,29,0,0,0,4,0,65,0,8,2,2,5,5,21,1,0,65,8,0,0,0,1,,,690.0,,
2019-03,7,20,21,14,1,18,14,7,1,24,1,3,0,10,5,34,69,31,1,6,7,13,0,0,0,360,2,2,6,54,35,24,19,7,47,0,2,11,3,5,37,7,48,2,5,16,21,73,1,3,36,20,0,9,0,9,,,1164.0,,
2019-04,7,31,27,20,2,17,23,4,1,2,1,1,18,9,4,29,64,36,1,0,6,1,4,0,5,167,4,6,8,69,27,17,43,33,90,1,1,10,4,11,40,6,22,7,13,19,20,35,0,6,22,31,0,3,0,21,,,1042.0,,
2019-05,7,27,20,39,0,15,23,5,2,13,0,9,9,9,16,31,106,27,3,8,23,3,7,3,1,177,2,9,7,85,27,29,72,24,69,2,1,5,9,7,70,7,56,10,8,17,23,39,5,6,17,57,2,5,2,25,,,1273.0,,
2019-06,7,21,8,25,5,20,27,5,2,16,2,3,1,23,14,34,410,21,0,8,15,5,4,8,0,70,1,10,4,101,53,15,73,14,53,0,0,4,6,8,125,8,57,22,30,12,31,102,5,6,10,65,0,2,3,34,,,1601.0,,
2019-07,7,18,22,31,5,24,23,8,0,11,3,4,0,18,17,55,307,54,2,13,10,2,4,17,3,92,1,11,15,128,80,23,54,18,88,2,6,9,5,11,152,5,117,18,41,33,25,126,6,3,209,30,0,3,3,23,,,1988.0,,
2019-08,7,30,20,19,3,37,29,3,4,17,1,2,1,26,18,41,292,47,4,18,12,9,11,2,2,157,1,10,24,140,71,19,16,34,62,1,6,8,5,10,129,5,62,31,46,27,26,72,3,2,93,31,0,4,9,14,,,1766.0,,
2019-09,7,29,29,40,8,23,23,4,0,4,2,2,0,16,9,41,283,30,0,6,8,2,10,6,1,127,1,8,17,129,46,16,25,39,96,1,4,19,6,5,142,7,28,17,18,13,26,78,3,3,46,16,3,0,5,10,,,1530.0,,
2019-10,7,20,44,28,0,17,19,9,1,11,0,1,2,14,3,30,199,32,1,9,14,1,4,3,0,66,4,4,9,99,24,13,20,22,78,3,5,11,4,8,179,5,40,12,20,7,14,71,0,9,155,17,1,2,3,43,,,1410.0,,
2019-11,7,18,37,19,9,24,17,2,1,9,3,1,6,6,6,29,252,38,1,11,14,4,9,2,0,76,2,1,7,52,40,9,22,28,90,1,5,17,4,21,144,9,31,15,14,15,11,18,1,6,46,27,4,1,0,160,,,1395.0,,
2019-12,7,34,12,18,2,26,10,2,0,11,0,2,17,5,12,34,198,19,0,9,7,2,3,0,0,60,5,6,11,45,34,4,17,5,142,3,6,11,4,25,116,3,39,5,1,4,7,7,0,2,35,21,0,1,0,67,,,1109.0,,
2020-01,7,23,11,10,1,11,16,4,2,8,1,1,47,4,9,31,292,27,1,15,6,3,1,6,1,98,7,14,9,53,35,6,18,12,50,3,3,16,3,8,128,9,84,3,4,6,5,14,0,7,25,15,1,3,0,15,,,1185.0,,
2020-02,7,12,9,18,2,17,8,3,0,20,2,0,18,18,3,21,167,33,2,4,10,2,6,1,0,56,4,21,7,37,27,19,14,5,50,1,3,4,9,1,72,3,30,4,2,8,4,7,3,2,14,3,1,5,0,5,,,797.0,,
2020-03,7,14,6,12,4,16,11,2,24,8,0,2,8,15,6,21,211,14,2,5,11,2,8,1,0,59,3,4,12,35,41,14,15,9,49,0,0,9,6,7,71,7,41,1,8,5,6,15,0,1,20,16,1,6,0,17,,,881.0,,
2020-04,7,5,1,27,3,20,13,3,69,7,0,5,8,3,7,37,168,8,1,4,7,4,7,1,1,62,4,10,4,53,21,2,17,10,44,0,0,3,1,4,29,5,36,4,4,11,11,21,0,3,8,31,2,1,0,28,,,838.0,,
2020-05,7,10,1,6,9,31,11,0,44,3,0,0,1,13,13,42,147,13,1,13,16,2,5,0,1,37,9,18,4,112,30,6,41,12,24,1,2,5,9,9,35,17,58,6,13,25,21,49,3,3,12,50,0,10,0,40,,,1043.0,,
2020-06,7,16,1,12,1,29,19,1,40,17,2,1,2,5,8,43,148,13,2,13,9,1,6,1,1,49,7,16,9,108,39,13,20,6,98,0,1,3,4,8,61,12,47,42,70,23,60,85,5,1,17,19,1,5,2,25,,,1247.0,,
2020-07,7,30,4,10,1,34,25,5,43,8,2,2,2,12,5,45,92,20,4,21,16,5,2,1,0,36,5,7,9,123,35,19,15,12,74,2,5,9,2,8,79,15,45,36,48,28,24,89,2,2,18,17,2,0,12,24,,,1191.0,,
2020-08,7,28,5,12,0,33,24,6,42,3,5,3,6,12,9,38,140,17,4,2,12,1,2,0,0,28,5,5,9,111,50,7,12,7,38,0,1,6,7,4,81,11,51,176,190,12,46,82,2,2,16,10,0,3,5,28,,,1409.0,,
2020-09,7,19,14,9,1,35,20,3,34,32,2,2,0,20,10,42,208,17,0,11,9,0,4,11,0,32,15,15,6,122,34,9,15,17,58,0,3,6,2,3,82,2,36,30,32,19,19,90,12,4,37,25,2,2,5,20,,,1257.0,,
2020-10,7,22,4,11,1,27,23,3,26,6,0,1,0,13,8,42,118,26,2,7,12,2,5,1,2,23,3,7,6,97,54,8,15,10,46,0,0,10,3,4,50,4,27,13,15,12,21,55,3,6,15,15,0,1,0,42,,,927.0,,
2020-11,7,24,5,12,1,23,15,2,39,5,1,0,6,10,14,44,125,18,2,15,11,4,5,3,0,19,6,7,4,75,31,3,8,39,75,1,6,14,4,13,48,4,26,15,17,7,23,26,0,5,8,21,2,3,0,133,,,1027.0,,
2020-12,7,11,3,13,2,28,9,1,37,16,0,3,2,10,12,29,458,15,1,11,7,5,8,1,0,68,6,2,5,72,42,5,8,13,28,0,1,5,3,11,47,6,41,5,5,3,7,7,4,0,16,17,2,1,0,27,,,1139.0,,
2021-01,7,19,9,17,0,46,21,2,40,12,1,2,1,8,6,34,119,7,1,6,2,7,3,3,3,78,1,5,7,50,50,2,6,27,20,1,0,1,2,7,49,7,42,5,3,2,4,15,4,1,12,6,1,1,0,4,,,782.0,,
2021-02,7,32,3,2,0,20,26,6,4,13,0,1,0,2,2,29,121,7,0,49,7,4,6,1,5,44,14,0,2,15,42,0,2,21,33,0,0,1,5,2,68,6,26,1,5,4,7,7,2,2,8,5,1,1,0,1,,,665.0,,
2021-03,7,36,6,15,1,35,20,4,16,10,3,0,7,14,7,48,257,19,1,10,12,2,10,4,0,77,10,4,6,72,64,8,7,17,34,2,3,14,4,22,76,10,43,5,3,13,11,21,1,5,26,7,0,3,0,28,,,1133.0,,
2021-04,7,24,1,16,3,29,5,2,11,11,1,1,3,7,11,44,294,20,0,9,6,7,23,0,1,64,4,8,3,75,56,7,9,13,37,2,3,12,2,10,13,8,34,3,8,26,23,45,0,4,31,5,1,1,0,24,,,1060.0,,
2021-05,7,33,5,12,2,32,20,2,6,13,1,2,1,28,17,58,141,11,1,3,7,0,23,0,1,62,0,10,4,128,102,5,7,16,21,1,1,14,6,4,38,9,49,13,31,23,27,79,1,6,9,15,0,2,1,34,,,1137.0,,
2021-06,7,49,7,16,5,46,19,1,11,7,3,1,0,10,17,61,237,23,1,4,11,1,5,6,4,49,8,7,5,136,64,13,27,17,88,2,0,8,2,7,63,6,43,29,59,12,44,79,8,5,13,43,2,17,8,29,,,1438.0,,
2021-07,7,36,0,11,3,34,21,1,2,10,2,2,3,9,17,56,354,31,4,15,14,0,4,1,0,43,6,12,6,146,65,13,10,18,97,0,5,14,4,11,40,5,46,31,47,6,24,78,3,2,150,14,1,5,16,26,,,1574.0,,
2021-08,7,31,2,12,1,34,24,4,15,5,3,2,0,25,24,56,296,25,2,5,9,2,12,2,2,39,7,11,8,125,73,10,18,15,69,0,1,10,2,11,38,1,43,38,53,14,30,62,1,10,47,22,2,9,14,23,,,1399.0,,
2021-09,7,27,3,12,2,32,24,6,22,8,2,0,0,14,13,44,182,25,1,10,17,0,8,6,2,35,5,17,9,130,56,6,9,33,104,1,2,3,3,4,34,0,19,29,19,45,37,48,1,4,29,8,6,1,3,17,,,1177.0,,
2021-10,7,31,5,14,4,16,25,7,13,7,3,2,4,17,9,28,140,16,1,8,10,5,10,5,0,52,7,8,3,114,30,12,24,28,58,0,0,2,2,12,75,9,66,33,28,8,26,47,3,5,25,40,1,5,0,23,,,1126.0,,
2021-11,7,21,4,8,1,27,22,7,11,6,1,0,19,6,5,36,133,24,1,10,5,3,6,7,5,21,4,6,11,79,39,3,8,13,33,0,1,3,1,19,48,2,50,13,7,3,9,26,0,3,10,7,2,3,0,90,,,882.0,,
2021-12,7,30,2,11,0,22,7,2,9,20,1,2,2,9,12,30,130,20,2,17,10,1,8,6,1,36,10,4,7,67,28,3,12,5,25,0,0,7,4,24,60,18,46,14,11,8,1,9,1,5,11,21,2,6,0,74,,,873.0,,
2022-01,7,25,2,2,0,31,20,9,17,24,0,1,3,6,3,27,114,16,2,14,2,5,5,7,2,38,7,1,9,58,28,2,4,8,41,0,0,7,13,3,60,7,48,4,6,1,4,1,2,2,20,4,1,6,0,11,,,733.0,,
2022-02,7,16,2,4,3,11,14,3,5,14,0,1,45,7,16,21,83,10,1,7,6,5,6,6,1,179,2,3,5,51,20,4,11,7,50,1,0,5,2,3,65,8,68,5,6,41,11,0,3,3,13,16,1,3,0,4,,,877.0,,
2022-03,7,34,1,27,0,30,10,7,1,12,2,3,0,19,5,30,294,15,4,11,12,3,5,1,5,248,4,8,8,97,49,12,20,24,82,0,3,8,7,15,48,12,16,10,7,75,16,2,1,2,12,42,4,2,0,18,,,1383.0,,
2022-04,7,22,2,30,3,25,24,6,1,11,2,2,6,13,9,42,188,23,0,8,7,0,28,2,4,311,4,7,4,94,34,21,33,28,58,0,6,9,4,15,45,12,57,9,17,39,10,28,2,2,12,54,0,3,0,20,,,1396.0,,
2022-05,7,33,0,40,11,22,25,10,2,17,2,1,5,28,22,42,265,28,3,6,13,3,13,1,2,209,6,14,7,112,39,12,28,30,41,1,0,3,13,10,26,12,68,10,16,9,31,44,2,3,14,42,0,3,2,44,,,1445.0,,
2022-06,7,46,2,18,2,14,21,5,4,4,0,3,7,14,20,44,169,30,2,19,16,1,16,0,4,219,14,10,9,123,42,13,30,21,36,2,0,7,3,7,23,11,86,55,43,36,44,86,4,5,25,42,1,3,9,37,,,1507.0,,
2022-07,7,49,2,20,10,34,29,4,3,11,2,1,7,18,21,35,188,30,8,12,18,18,2,3,3,136,3,6,3,162,36,8,21,27,31,1,0,14,2,6,50,4,66,25,22,7,25,61,2,2,23,35,1,7,17,30,,,1361.0,,
2022-08,7,31,1,22,2,22,26,9,5,5,6,2,9,34,27,50,234,18,1,11,11,0,2,0,1,78,5,10,7,160,51,10,19,15,38,1,2,4,5,6,28,13,60,17,21,12,28,66,2,9,11,9,0,5,26,26,,,1273.0,,
2022-09,7,33,3,11,2,23,19,4,2,4,5,0,6,24,15,51,194,21,3,10,11,1,5,1,2,46,11,14,4,131,54,5,5,23,21,0,1,5,5,8,39,7,74,26,11,17,20,53,2,12,87,10,4,7,8,22,,,1182.0,,
2022-10,7,20,6,17,2,20,16,6,1,5,2,0,14,21,12,40,185,28,1,8,12,2,3,0,1,64,4,9,11,103,45,13,7,15,11,0,5,11,9,12,47,7,54,16,23,19,20,64,4,4,18,15,2,3,4,75,,,1116.0,,
2022-11,7,29,8,22,1,18,13,2,2,23,1,3,10,9,9,34,218,20,0,7,9,17,13,4,1,42,6,11,7,96,26,13,6,15,52,0,0,10,5,23,127,15,71,15,19,2,21,36,2,4,9,12,1,1,0,143,,,1263.0,,
2022-12,7,23,5,15,3,23,13,5,0,15,0,0,15,7,10,32,140,43,0,17,7,17,2,5,2,87,11,3,9,80,28,13,9,72,37,1,0,3,5,9,62,3,54,2,3,10,12,9,1,3,13,12,1,1,1,27,,,980.0,,
2023-01,7,20,4,20,0,13,14,4,1,14,2,1,24,7,5,23,157,15,3,7,11,4,8,4,2,205,15,0,10,52,21,4,10,23,34,4,3,6,4,8,71,8,62,5,3,31,6,0,3,3,24,17,1,3,0,13,,,1012.0,,
2023-02,7,36,1,41,1,15,18,3,2,17,4,2,9,13,4,34,149,22,0,7,9,2,2,2,0,196,10,1,7,55,27,11,27,15,25,0,0,4,0,9,67,7,45,8,7,10,20,24,0,2,19,46,2,1,0,6,,,1044.0,,
2023-03,7,36,16,34,2,25,25,7,1,7,1,6,2,21,6,44,193,22,0,7,15,8,4,0,0,204,11,7,6,85,25,11,13,25,35,1,0,8,1,15,37,7,31,6,8,39,16,7,2,5,21,26,5,3,0,8,,,1150.0,,
2023-04,7,25,12,28,1,14,20,2,2,5,2,5,2,11,8,28,252,16,2,2,11,2,20,2,2,112,13,11,6,90,33,5,13,24,31,0,0,6,4,18,38,8,36,33,57,19,19,87,0,2,12,20,0,3,0,41,,,1215.0,,
2023-05,7,47,13,24,1,19,14,4,1,9,1,1,3,20,13,32,231,14,1,15,7,3,11,0,2,99,8,15,15,159,57,5,10,25,40,2,1,11,4,6,66,2,38,26,11,19,29,275,1,3,20,8,1,4,4,55,,,1505.0,,
2023-06,7,117,8,16,1,25,21,7,5,6,0,2,1,37,20,50,261,24,1,8,13,2,11,2,4,81,6,8,6,163,53,10,17,22,32,1,4,3,3,6,64,4,51,25,41,49,37,157,5,12,19,16,1,5,0,43,,,1586.0,,
2023-07,7,53,5,15,7,20,30,5,8,25,3,6,2,19,25,47,150,25,4,14,13,8,4,1,2,36,7,10,8,152,43,4,22,24,32,0,2,3,6,10,62,4,93,35,49,37,57,122,6,6,45,80,1,8,9,33,,,1497.0,,
2023-08,7,46,9,22,1,24,32,3,4,24,1,1,20,37,30,61,148,25,4,5,23,5,13,1,4,49,9,18,13,181,58,14,12,28,40,2,8,33,6,10,51,10,52,31,42,30,46,146,1,3,26,17,0,6,22,30,,,1537.0,,
2023-09,7,40,6,19,4,23,24,1,18,4,2,5,0,23,13,51,177,25,3,13,15,3,9,2,3,48,12,10,10,139,37,3,15,26,29,0,1,12,6,18,35,3,47,20,30,20,31,129,3,6,26,17,1,0,7,21,,,1245.0,,
2023-10,7,34,10,13,2,24,14,6,6,11,1,0,4,26,14,34,210,24,0,10,21,2,5,8,1,31,4,10,6,121,24,4,7,28,23,4,4,11,4,8,69,12,56,28,25,10,34,194,4,16,17,7,0,3,1,40,,,1285.0,,
2023-11,7,31,6,23,1,20,27,5,1,9,2,0,6,9,12,39,148,20,2,30,17,4,9,3,0,34,6,7,2,89,14,2,8,17,46,1,0,8,7,20,58,4,42,4,6,4,8,161,1,4,16,14,3,1,0,167,,,1178.0,,
2023-12,7,29,2,17,1,22,12,7,2,3,3,1,2,11,11,45,175,17,0,11,7,2,5,3,1,89,9,11,9,73,14,2,20,15,45,1,1,6,6,31,38,0,24,3,5,5,12,137,2,7,18,21,1,0,0,51,,,1045.0,,
2024-01,7,33,11,18,1,17,17,17,2,16,4,1,7,4,7,20,182,18,0,16,5,18,6,4,3,186,5,6,7,62,29,5,21,26,26,2,3,4,3,20,75,9,36,11,14,4,15,66,1,1,24,50,0,2,0,15,,,1155.0,,
2024-02,7,40,12,32,4,14,18,4,4,36,0,1,7,5,6,23,255,20,3,9,5,6,15,1,0,268,3,5,6,82,35,12,12,17,39,2,0,6,0,14,69,3,25,7,3,5,11,115,14,1,13,23,1,5,0,25,,,1341.0,,
2024-03,7,28,4,17,0,11,24,5,1,25,2,1,11,16,8,27,202,36,3,4,11,4,12,1,0,156,6,6,9,73,30,9,21,27,48,0,1,6,4,16,51,7,54,7,4,7,17,131,0,1,63,60,1,5,0,21,,,1294.0,,
2024-04,7,34,9,26,2,26,31,7,1,11,0,3,7,24,9,27,193,44,4,3,13,4,13,0,2,178,12,8,12,97,50,7,28,71,88,4,8,9,1,18,62,12,43,11,21,17,19,169,8,3,52,70,0,3,0,44,,,1618.0,,
2024-05,7,35,7,17,1,23,21,6,6,10,3,4,2,27,11,44,202,35,0,20,20,6,12,2,1,118,6,17,9,117,29,9,33,37,46,0,3,6,4,21,42,3,87,67,104,40,74,58,7,3,17,106,3,5,16,57,,,1659.0,,
2024-06,7,47,4,20,0,18,27,7,2,18,4,4,1,27,17,38,314,53,3,20,9,6,15,2,2,170,10,9,11,128,43,6,18,36,40,1,7,17,6,15,50,9,55,63,52,20,83,131,12,6,17,60,1,1,19,35,,,1789.0,,
2024-07,7,37,1,22,5,27,17,6,3,8,7,4,3,18,23,40,237,23,2,25,18,2,14,2,4,52,5,15,6,250,35,11,18,26,34,1,7,3,3,19,35,1,58,101,84,48,66,57,6,3,20,37,2,6,13,30,,,1600.0,,
2024-08,7,26,9,14,2,37,13,1,2,2,4,2,3,19,30,63,236,11,1,6,25,2,10,2,2,49,6,18,7,165,44,8,12,23,39,0,0,6,0,8,60,6,58,31,52,25,42,115,4,3,21,17,0,0,20,27,,,1388.0,,
2024-09,7,32,7,14,3,28,28,3,4,9,3,4,14,20,14,45,200,33,1,14,21,8,12,5,2,89,2,21,7,134,45,3,14,27,55,3,3,8,4,10,69,9,68,10,57,35,32,7,4,13,17,13,4,2,9,29,,,1327.0,,
2024-10,7,28,6,11,2,27,16,3,6,2,3,2,16,27,13,42,262,39,2,8,16,4,15,7,0,47,5,10,13,113,24,6,3,20,46,3,2,11,2,15,61,3,72,18,42,38,28,66,0,8,30,5,1,2,2,69,,,1322.0,,
2024-11,7,31,6,4,1,18,8,5,1,3,2,0,9,21,8,22,212,29,3,10,13,2,17,4,1,49,6,2,3,86,8,1,9,12,37,2,0,4,1,13,80,2,92,10,22,36,15,213,1,4,20,10,0,1,0,121,,,1290.0,,
2024-12,7,29,3,5,0,20,14,4,3,8,1,2,43,15,20,19,134,20,2,10,5,2,11,11,0,47,16,8,8,68,26,8,2,10,29,0,1,3,3,11,56,4,86,7,12,3,9,255,0,1,21,12,3,0,0,65,,,1155.0,,
2025-01,7,29,18,7,3,10,16,7,2,45,1,3,17,11,9,20,141,26,7,16,10,27,8,2,1,87,16,6,7,64,21,5,6,16,45,2,3,6,4,5,52,2,116,3,6,1,8,295,1,3,21,18,0,7,0,8,,,1270.0,,
2025-02,7,38,10,7,0,18,17,5,7,21,3,2,8,12,8,28,164,23,4,11,5,19,11,5,4,166,5,3,7,66,14,7,2,6,27,1,1,13,2,7,30,2,44,2,5,8,6,280,2,0,13,4,1,1,0,9,,,1164.0,,
2025-03,7,36,6,19,6,22,17,1,4,14,4,3,1,26,18,37,220,38,2,5,9,7,11,16,3,158,8,1,7,77,27,7,18,18,65,2,1,12,5,6,42,12,54,9,35,28,15,149,7,2,14,28,0,3,0,29,,,1364.0,,
2025-04,7,40,0,33,2,20,22,2,5,14,3,2,4,37,26,33,190,55,2,13,7,5,9,2,1,170,4,16,6,95,21,4,10,33,32,1,3,18,5,32,58,14,75,14,21,21,39,193,2,5,17,41,1,2,0,41,,,1521.0,,
2025-05,7,56,9,27,0,20,24,3,4,7,4,3,25,26,27,43,352,53,2,12,10,2,15,4,0,173,6,12,12,111,29,11,12,33,54,1,1,7,8,11,50,4,66,25,76,53,63,55,1,6,14,13,1,0,5,75,,,1716.0,,
2025-06,7,60,4,29,6,27,23,9,12,10,8,0,2,25,37,65,431,36,0,23,12,2,5,0,6,158,6,9,10,145,40,7,26,22,46,1,2,17,4,15,77,21,111,44,59,58,65,96,6,1,35,55,0,5,14,57,,,2044.0,,
2025-07,7,63,2,18,2,40,17,8,3,13,6,3,1,25,32,69,277,19,2,15,10,3,2,6,4,67,11,25,14,176,28,9,27,19,37,1,1,15,3,12,58,5,76,58,101,69,43,116,35,1,65,52,2,5,52,36,,,1859.0,,
2025-08,7,39,17,9,6,24,28,4,4,13,10,4,1,40,31,57,449,39,3,12,14,1,6,3,5,76,14,15,9,188,40,6,20,27,33,3,3,3,3,6,55,8,61,35,61,30,68,122,4,0,80,48,0,1,54,41,,,1933.0,,
2025-09,7,37,4,4,0,27,23,5,2,11,4,5,6,41,17,49,416,21,3,17,14,4,10,11,1,35,6,11,11,175,41,6,13,27,21,0,0,6,5,5,42,4,30,45,59,65,62,41,6,8,61,9,2,3,30,30,,,1591.0,,
2025-10,7,40,11,17,1,22,15,3,2,17,1,3,25,35,14,51,766,46,1,9,13,3,9,14,1,81,2,19,7,135,31,9,14,40,64,3,2,11,2,10,76,3,62,18,43,111,51,59,7,20,26,21,1,2,30,37,,,2116.0,,
2025-11,7,22,4,14,1,16,19,3,2,31,1,6,1,16,13,39,550,34,0,22,18,9,5,3,2,42,11,10,12,85,20,3,6,14,32,1,0,3,3,54,52,6,43,11,17,18,22,85,0,2,15,13,0,1,0,181,,,1593.0,,
2025-12,7,26,2,3,0,20,28,9,3,16,2,2,20,17,15,53,247,28,4,14,9,2,0,6,8,80,13,8,7,53,29,6,5,7,22,6,3,3,1,13,38,6,55,12,5,3,2,103,0,3,20,20,0,1,0,32,,,1090.0,,
2019-01,21,4,37,8,0,9,21,6,0,0,0,1,0,0,0,1,0,0,0,0,1,0,3,0,1,11,1,0,1,0,0,1,6,42,22,0,0,0,4,0,23,0,8,0,0,24,6,17,0,0,42,1,1,0,0,0,,,,302.0,
2019-02,21,27,25,10,0,7,13,1,0,3,0,1,0,0,0,41,8,0,2,0,2,0,3,0,1,86,10,0,2,1,2,1,15,4,8,0,0,0,1,0,47,1,8,2,1,7,8,20,0,0,52,7,0,0,0,0,,,,427.0,
2019-03,21,51,38,53,1,32,18,3,1,16,2,7,0,3,4,62,145,9,2,10,3,1,0,0,2,156,30,5,8,41,13,8,18,2,22,0,2,2,3,5,51,7,15,0,1,18,21,15,2,2,53,9,2,2,0,5,,,,981.0,
2019-04,21,55,38,12,1,31,27,2,3,9,1,4,0,10,2,43,105,3,1,4,6,2,3,2,2,84,7,3,6,37,7,9,11,8,79,0,1,4,5,6,45,4,30,12,11,9,5,16,3,4,38,15,1,3,0,11,,,,840.0,
2019-05,21,15,32,61,2,34,21,4,1,13,0,1,2,9,6,87,163,5,3,5,8,3,12,2,1,105,33,7,9,69,9,8,26,8,62,2,5,4,13,9,90,1,33,11,2,10,13,35,7,6,9,22,3,8,9,29,,,,1147.0,
2019-06,21,42,35,32,8,15,32,4,1,15,1,1,1,10,15,44,298,7,1,6,12,0,11,40,8,84,27,5,2,101,20,15,31,7,63,1,2,6,9,7,111,2,45,36,37,9,15,75,3,1,12,26,1,5,12,26,,,,1435.0,
2019-07,21,45,27,27,1,20,37,2,2,8,0,3,0,13,27,50,419,8,1,4,6,1,5,40,4,124,25,5,2,93,24,17,11,3,52,2,11,12,18,3,92,3,17,27,10,9,14,49,0,4,128,7,2,0,9,30,,,,1553.0,
2019-08,21,53,19,13,5,30,23,4,0,4,0,3,0,3,19,72,508,11,2,3,11,1,2,0,2,59,25,7,3,95,14,11,7,8,38,4,7,7,6,4,136,4,14,23,17,18,17,50,5,1,92,10,1,1,6,19,,,,1497.0,
2019-09,21,60,39,17,2,15,22,5,1,9,3,2,1,7,22,36,352,10,3,3,5,17,2,17,7,60,15,6,3,75,16,8,4,6,61,1,12,17,13,4,143,5,20,10,9,7,9,33,2,7,56,12,0,1,6,17,,,,1295.0,
2019-10,21,33,33,35,3,16,32,4,1,6,0,1,6,4,16,39,218,6,1,6,6,0,3,0,5,64,9,5,2,80,7,5,15,9,56,0,3,3,15,3,159,3,28,16,25,6,19,40,1,6,29,13,0,3,1,23,,,,1122.0,
2019-11,21,39,33,13,2,22,23,3,0,7,1,1,6,7,7,28,250,5,3,6,3,4,5,0,2,68,29,7,2,41,12,4,9,5,26,3,5,7,12,4,147,5,33,9,13,1,8,10,1,4,18,7,0,1,0,50,,,,1011.0,
2019-12,21,49,14,23,1,22,24,1,0,24,1,1,3,6,10,32,427,8,2,6,2,3,9,2,6,46,28,4,7,36,4,3,9,2,121,0,6,7,13,12,103,3,31,3,1,3,7,38,0,7,19,13,1,0,0,13,,,,1216.0,
2020-01,21,60,27,8,1,31,14,3,1,6,0,0,7,0,8,35,583,3,3,3,3,1,6,1,9,77,18,2,2,62,10,4,8,5,72,0,4,4,9,5,88,7,35,0,0,0,1,18,2,1,9,10,0,2,0,1,,,,1269.0,
2020-02,21,62,25,10,0,17,14,1,1,11,3,0,1,6,11,34,417,7,0,1,6,4,8,5,4,72,6,4,1,56,9,6,4,8,28,0,3,3,8,0,45,1,19,1,0,9,8,11,6,7,10,5,0,0,0,2,,,,980.0,
2020-03,21,29,22,19,0,22,9,2,11,11,1,6,1,2,8,28,430,6,0,2,10,0,7,0,0,52,9,7,3,32,11,6,6,7,25,1,3,2,7,5,31,2,19,3,2,0,6,10,0,1,7,4,0,2,0,6,,,,895.0,
2020-04,21,15,6,38,3,19,10,3,28,6,2,0,1,7,7,47,301,3,0,2,4,1,6,0,2,76,3,7,1,50,7,2,5,4,22,0,1,2,6,7,30,4,11,2,2,6,4,26,4,6,8,8,1,1,0,17,,,,834.0,
2020-05,21,19,17,32,13,43,25,14,28,12,4,0,1,10,16,70,364,1,0,12,5,1,10,2,2,33,33,13,1,94,18,10,38,7,54,0,5,3,9,22,34,3,25,6,4,9,12,52,4,4,6,47,0,63,11,42,,,,1363.0,
2020-06,21,45,15,15,4,44,14,9,17,6,1,2,1,8,7,65,321,4,0,18,5,0,6,7,5,53,16,9,1,88,11,4,14,15,94,4,7,8,4,10,97,7,28,29,27,20,16,73,4,3,8,27,1,4,7,18,,,,1326.0,
2020-07,21,63,16,8,1,36,24,4,13,9,3,0,0,10,19,67,322,10,0,8,12,3,1,67,5,26,25,9,2,92,21,6,5,5,129,0,3,2,16,8,86,5,38,21,19,7,11,69,1,0,4,8,0,1,4,28,,,,1352.0,
2020-08,21,51,10,4,2,45,17,3,14,8,4,0,0,11,17,59,302,10,1,6,10,0,7,69,5,28,16,8,11,89,18,12,6,10,54,0,3,3,6,9,148,12,18,263,177,17,35,91,2,3,9,5,2,1,3,26,,,,1740.0,
2020-09,21,43,26,6,0,40,26,2,11,3,1,1,1,10,8,48,449,10,2,4,3,0,3,5,4,17,15,14,3,92,18,4,6,10,34,0,0,4,11,3,54,5,12,30,30,12,18,41,2,5,22,8,2,3,3,15,,,,1199.0,
2020-10,21,52,13,2,6,24,22,2,14,6,2,2,2,11,10,51,217,9,0,4,9,4,1,0,15,18,16,10,3,55,11,5,6,4,28,1,2,4,5,3,46,4,18,26,14,7,13,37,2,1,8,5,1,3,0,32,,,,866.0,
2020-11,21,33,13,9,0,27,6,3,20,8,2,1,1,7,9,52,250,7,0,1,9,0,4,0,5,13,15,7,2,58,6,0,6,5,54,2,2,6,9,1,48,9,15,13,24,8,13,18,1,3,4,4,0,1,0,62,,,,876.0,
2020-12,21,44,10,18,2,28,14,6,13,6,2,1,0,13,5,49,697,4,0,9,6,1,5,2,11,36,26,4,3,59,8,2,2,2,20,1,3,1,5,1,24,1,11,6,6,4,5,10,0,0,4,0,0,3,0,12,,,,1205.0,
2021-01,21,46,10,28,1,39,15,3,3,3,3,0,5,5,7,82,345,4,1,4,10,2,6,0,2,80,10,5,2,36,9,1,4,3,33,1,7,10,6,2,34,3,11,8,1,2,0,7,0,2,5,0,1,0,0,1,,,,908.0,
2021-02,21,58,7,2,2,20,25,7,7,9,1,0,0,1,8,24,201,5,5,45,10,4,5,0,4,42,46,6,0,17,13,3,4,0,20,1,1,6,4,1,40,6,118,0,0,1,4,4,2,2,6,5,0,1,0,0,,,,803.0,
2021-03,21,66,14,16,2,50,24,8,9,15,2,1,0,14,11,56,386,2,3,15,8,4,7,0,6,144,10,6,2,77,29,4,7,8,35,0,2,5,12,11,65,8,40,6,8,3,13,28,2,4,26,0,0,2,0,9,,,,1285.0,
2021-04,21,67,14,14,2,46,14,1,4,6,4,0,0,7,14,55,394,7,2,4,10,1,18,1,7,37,14,10,1,83,16,6,7,10,50,3,1,3,14,4,39,4,15,10,12,25,16,26,1,7,8,3,0,0,0,15,,,,1132.0,
2021-05,21,41,5,12,0,24,15,1,2,10,0,1,0,11,12,47,349,14,2,5,5,7,9,0,3,38,12,16,6,102,19,9,5,3,46,2,2,7,4,3,57,6,37,15,15,10,17,38,4,1,7,6,0,2,6,40,,,,1110.0,
2021-06,21,49,9,12,3,43,24,5,0,9,2,1,0,25,7,67,334,2,0,8,7,0,8,3,1,27,11,9,0,137,12,2,17,11,38,3,1,5,6,2,47,0,37,21,40,12,26,89,3,3,9,30,0,14,9,23,,,,1263.0,
2021-07,21,56,5,11,1,45,22,3,1,4,0,1,0,11,17,55,334,6,1,10,8,3,7,1,2,29,5,10,3,141,8,6,14,8,36,0,0,1,5,5,30,4,13,22,35,11,27,63,0,4,65,8,0,4,15,39,,,,1215.0,
2021-08,21,67,5,5,1,24,20,6,3,10,1,0,1,17,8,36,267,7,2,9,10,2,13,7,13,20,2,11,5,147,20,1,3,16,32,2,3,2,7,3,33,5,13,46,25,11,29,63,2,3,25,5,0,3,12,34,,,,1117.0,
2021-09,21,31,8,10,0,26,12,2,1,28,0,2,2,13,9,29,136,9,1,1,8,3,13,2,2,43,8,10,2,82,13,5,3,5,35,0,0,5,4,3,22,1,13,14,8,12,13,91,3,2,14,3,4,1,2,31,,,,800.0,
2021-10,21,30,3,8,2,21,17,3,6,7,1,1,1,14,7,42,111,5,0,6,7,0,4,0,1,37,9,11,1,85,6,9,10,9,52,0,0,3,11,4,31,1,8,28,24,11,15,45,0,2,17,18,0,3,0,25,,,,772.0,
2021-11,21,48,10,9,0,20,11,2,2,13,0,0,0,13,6,28,184,7,1,7,2,0,10,1,6,26,6,5,1,60,13,3,6,4,32,1,1,2,4,1,28,4,10,13,8,4,6,18,1,3,7,3,0,2,0,42,,,,694.0,
2021-12,21,60,9,10,2,24,11,4,4,14,1,2,3,10,7,43,112,5,0,7,5,1,4,5,6,13,5,3,5,75,6,2,3,4,46,1,1,2,6,6,64,4,15,12,11,11,6,10,1,1,8,4,1,3,0,29,,,,707.0,
2022-01,21,75,5,11,0,23,19,6,12,12,4,0,1,9,5,36,219,7,2,8,5,7,4,1,5,29,14,2,7,60,14,2,1,6,32,0,0,7,13,1,54,4,20,2,5,1,7,1,0,2,6,3,1,3,0,4,,,,777.0,
2022-02,21,63,4,6,1,22,12,5,5,8,2,1,2,2,4,22,135,7,1,9,4,2,5,0,9,88,10,4,2,29,10,6,12,7,11,0,3,2,4,1,59,4,29,2,1,9,5,0,0,2,11,7,0,4,0,1,,,,654.0,
2022-03,21,91,8,24,3,14,13,3,8,13,4,0,0,11,8,45,206,12,0,8,4,1,8,1,2,182,9,4,3,70,16,10,10,19,16,0,3,7,5,12,33,6,36,4,1,10,9,0,3,1,11,12,0,6,0,9,,,,994.0,
2022-04,21,54,10,23,5,21,18,7,0,8,2,0,1,15,5,43,182,9,0,8,9,0,6,0,3,210,5,10,5,61,12,9,17,17,10,1,2,17,5,4,18,1,29,8,10,8,15,16,4,2,2,27,0,2,0,23,,,,979.0,
2022-05,21,48,6,20,2,21,17,2,0,15,0,2,0,22,13,53,257,4,0,7,5,2,11,10,7,81,8,6,5,56,16,8,25,9,12,0,0,5,4,3,53,1,26,14,7,22,27,37,5,3,16,26,0,3,3,26,,,,1031.0,
2022-06,21,52,13,11,0,20,24,5,2,10,3,1,0,12,9,46,212,8,2,6,8,0,13,2,4,62,4,4,6,97,28,13,6,6,27,1,1,2,8,7,37,4,20,48,35,30,24,59,2,9,9,8,0,0,4,21,,,,1045.0,
2022-07,21,50,13,18,4,23,18,0,2,19,2,0,0,21,25,48,225,13,1,17,1,1,5,6,0,66,8,7,4,77,22,7,8,6,13,0,1,0,7,4,52,4,13,33,21,22,29,55,5,4,14,10,0,1,5,30,,,,1040.0,
2022-08,21,69,9,17,2,38,17,2,0,5,2,1,0,28,17,57,253,9,2,10,7,0,5,5,5,42,4,6,4,118,13,16,6,13,12,0,2,2,5,2,125,4,15,202,166,14,28,70,1,7,11,5,0,0,8,44,,,,1505.0,
2022-09,21,59,6,10,1,16,16,3,2,7,2,2,1,20,13,61,242,4,4,14,11,2,6,4,2,26,8,9,4,87,19,5,8,6,12,1,0,5,7,4,28,3,33,28,16,12,29,53,1,3,47,6,0,10,0,34,,,,1012.0,
2022-10,21,68,10,18,0,20,17,12,1,11,2,1,0,11,11,50,306,7,4,3,8,1,5,1,2,41,2,7,3,59,11,6,4,6,11,4,0,4,9,4,38,3,18,13,16,22,17,34,4,7,14,3,1,3,3,41,,,,977.0,
2022-11,21,95,17,6,2,17,18,3,4,5,3,0,3,11,12,45,252,3,4,12,9,7,5,0,2,32,3,3,4,35,6,1,10,5,7,2,3,4,2,2,42,3,10,25,22,7,21,36,3,4,10,2,0,2,0,49,,,,890.0,
2022-12,21,95,8,19,0,16,6,6,4,9,1,4,2,8,10,28,171,3,3,7,3,4,2,2,4,56,1,5,4,42,15,2,5,5,21,1,1,7,5,1,42,0,11,10,4,30,9,10,3,2,11,4,0,6,0,12,,,,740.0,
2023-01,21,79,5,25,1,18,18,4,0,5,1,1,0,14,4,42,174,6,2,6,2,0,4,1,1,88,10,3,1,44,6,7,6,7,19,1,1,2,4,4,16,1,31,3,6,3,3,1,3,1,9,8,0,1,0,9,,,,711.0,
2023-02,21,63,7,19,1,10,11,6,3,15,0,0,1,7,2,24,158,10,1,12,4,0,4,0,3,118,3,4,3,33,3,2,8,4,12,1,0,2,12,1,50,3,31,1,4,13,8,1,2,3,10,29,0,2,0,4,,,,728.0,
2023-03,21,89,19,31,3,15,15,4,2,7,3,2,0,9,7,59,172,5,0,8,6,0,8,0,2,71,0,6,5,80,7,3,3,7,24,1,2,3,5,5,38,0,50,7,6,11,7,2,1,4,9,7,0,0,0,11,,,,841.0,
2023-04,21,71,14,25,2,26,16,2,3,8,0,1,0,9,15,31,142,5,0,1,5,0,16,2,1,83,7,6,5,50,7,10,2,8,16,1,0,2,8,12,58,1,18,31,17,14,12,39,1,3,11,4,0,1,0,20,,,,842.0,
2023-05,21,81,8,17,2,22,15,0,0,4,3,1,0,6,11,69,136,9,0,9,6,0,7,0,1,52,5,6,0,58,14,8,3,17,27,0,5,8,13,1,27,2,14,11,7,29,15,102,4,1,12,1,1,0,9,52,,,,911.0,
2023-06,21,91,3,14,0,21,18,1,3,1,2,1,0,12,10,45,163,20,0,5,5,4,18,8,8,46,3,8,1,67,12,4,11,5,13,2,0,2,5,2,33,1,50,32,18,197,18,83,4,4,18,3,0,0,5,33,,,,1133.0,
2023-07,21,43,6,18,8,18,12,6,1,8,2,0,0,13,26,49,145,13,1,15,4,2,3,19,1,32,8,12,4,59,14,9,30,9,12,3,13,5,9,3,48,9,41,51,25,177,19,45,3,5,14,44,0,65,7,35,,,,1223.0,
2023-08,21,79,8,33,2,27,19,5,6,13,1,3,2,12,22,69,146,6,1,14,8,3,7,5,16,34,3,5,3,128,21,5,17,8,31,3,0,9,4,6,32,2,15,16,15,32,22,44,3,4,11,19,0,9,6,40,,,,1054.0,
2023-09,21,73,3,24,2,18,16,4,2,13,1,3,1,10,8,39,147,6,3,11,9,2,27,6,7,37,2,6,16,64,11,10,8,11,24,2,1,3,7,7,20,6,29,18,10,21,19,15,2,3,18,17,0,3,5,32,,,,862.0,
2023-10,21,47,10,20,1,15,11,1,4,2,0,2,2,5,7,32,164,5,1,10,8,3,26,2,8,32,1,3,5,87,8,5,7,8,28,0,0,5,5,5,54,8,53,11,4,2,12,4,0,7,4,3,0,1,2,36,,,,786.0,
2023-11,21,71,11,10,0,19,11,4,2,5,3,0,1,6,11,48,197,5,0,20,6,0,17,1,2,16,1,2,3,65,11,6,3,1,18,1,8,8,6,7,17,8,21,9,4,6,11,14,0,9,9,3,0,1,0,86,,,,804.0,
2023-12,21,61,4,8,1,13,12,3,3,4,1,0,3,22,9,40,173,7,1,5,10,2,4,1,4,28,3,3,2,54,7,5,7,6,30,2,1,6,4,8,16,2,25,7,6,8,6,126,3,0,15,8,4,0,0,18,,,,801.0,
2024-01,21,105,6,9,1,16,23,6,5,14,1,2,3,4,15,33,158,8,1,25,8,10,7,0,5,68,6,1,2,71,4,4,5,11,33,0,2,2,1,4,26,9,54,5,9,0,11,142,1,1,11,19,1,5,0,4,,,,977.0,
2024-02,21,112,9,14,1,18,11,4,3,12,0,0,1,5,9,38,204,5,2,5,13,3,7,0,3,59,1,5,2,44,6,1,4,7,36,4,4,5,13,7,31,9,27,8,5,20,12,176,1,2,7,4,0,1,0,9,,,,989.0,
2024-03,21,139,1,17,2,14,16,6,1,4,4,4,2,6,7,50,195,10,3,8,11,1,11,0,1,65,6,7,2,36,14,3,14,8,49,1,5,11,5,1,39,3,33,5,7,3,6,120,5,7,50,21,1,1,0,16,,,,1057.0,
2024-04,21,132,2,28,5,25,20,5,2,14,1,3,2,4,8,39,273,13,3,6,10,2,13,0,6,66,1,5,5,70,8,5,17,5,37,1,3,5,6,14,47,3,48,20,16,10,22,180,2,5,437,24,0,0,2,43,,,,1723.0,
2024-05,21,122,4,26,0,21,16,3,4,5,4,1,2,17,12,57,182,7,0,5,7,0,18,0,2,42,3,6,3,61,15,3,15,8,36,1,0,7,8,4,55,6,32,99,65,7,32,95,4,6,11,24,0,2,9,62,,,,1236.0,
2024-06,21,120,9,20,1,25,17,2,8,8,1,0,0,21,17,40,179,12,1,9,6,2,12,2,2,87,1,2,0,79,17,4,14,7,30,1,3,4,2,3,46,9,32,68,57,25,42,57,3,2,11,9,0,0,4,46,,,,1179.0,
2024-07,21,113,3,13,2,22,14,2,1,1,1,3,0,14,19,57,200,8,0,2,10,0,17,0,5,56,2,13,2,65,15,5,19,15,39,1,7,3,5,3,52,7,30,144,88,12,24,32,2,1,18,9,1,3,3,50,,,,1233.0,
2024-08,21,88,7,19,0,30,15,6,3,17,3,2,0,18,14,69,454,3,4,6,2,2,16,2,2,59,4,20,8,125,19,3,10,13,76,0,6,9,5,3,24,1,24,25,26,34,19,44,3,5,13,4,0,1,5,42,,,,1412.0,
2024-09,21,87,6,5,0,24,9,4,2,2,1,3,1,22,14,57,243,14,2,7,9,2,24,9,1,45,5,10,1,68,18,4,13,41,57,0,1,5,3,9,34,1,10,28,27,16,16,30,1,0,5,7,0,1,4,44,,,,1052.0,
2024-10,21,61,8,12,2,23,18,1,1,6,3,2,9,24,12,53,249,9,6,6,8,2,21,20,5,51,3,8,1,70,13,8,5,13,44,3,2,4,6,11,10,10,54,21,16,10,43,97,2,7,21,6,9,1,3,46,,,,1159.0,
2024-11,21,72,4,11,2,20,9,1,3,5,3,1,1,13,7,40,309,8,1,2,4,0,9,0,2,60,2,4,2,56,7,2,11,14,29,1,1,4,3,5,55,4,44,15,6,11,5,114,1,1,10,7,0,3,0,48,,,,1052.0,
2024-12,21,74,9,8,0,21,11,3,2,9,0,3,0,2,5,42,161,3,1,9,5,2,12,1,6,32,4,1,5,63,9,0,3,4,24,0,0,14,6,6,15,3,22,3,2,9,7,190,0,0,12,2,0,2,0,30,,,,857.0,
2025-01,21,95,9,15,1,19,13,3,1,20,1,0,0,0,4,36,248,6,0,9,4,16,16,5,4,97,10,3,5,72,4,5,3,6,28,3,1,3,3,0,29,8,22,4,4,0,4,142,1,5,19,15,1,6,0,4,,,,1032.0,
2025-02,21,59,11,17,0,9,6,2,2,15,3,2,0,6,9,31,240,4,0,4,2,2,12,0,6,128,4,0,1,34,3,5,5,7,31,2,3,6,2,0,24,5,27,6,4,141,14,208,0,2,15,5,0,0,0,5,,,,1129.0,
2025-03,21,87,1,47,2,23,10,10,1,18,2,1,3,9,13,46,218,2,1,4,1,8,6,0,0,112,4,4,1,50,14,8,6,4,33,0,2,2,11,5,27,3,26,7,11,26,14,146,2,4,5,8,0,5,0,13,,,,1066.0,
2025-04,21,84,2,48,1,17,18,4,3,4,1,1,2,25,9,49,150,7,0,8,8,0,13,0,1,83,2,7,1,85,16,6,11,5,38,1,5,3,3,4,30,1,33,10,11,59,13,33,1,2,12,13,1,4,0,39,,,,987.0,
2025-05,21,52,1,22,0,29,21,5,6,3,1,2,0,10,31,73,223,4,0,14,18,1,20,1,5,140,8,12,5,73,10,3,9,8,20,0,4,1,1,5,17,4,32,46,43,44,29,2,1,5,5,9,0,0,8,61,,,,1147.0,
2025-06,21,77,8,32,2,20,17,3,2,2,6,3,0,25,29,56,213,8,0,11,9,2,21,11,1,72,7,2,5,114,21,3,12,10,16,0,2,4,5,9,52,4,38,34,26,18,26,12,3,3,14,12,0,2,11,66,,,,1161.0,
2025-07,21,70,5,21,3,18,13,3,4,8,2,1,1,12,19,70,211,9,3,19,8,3,15,0,4,34,9,6,4,120,19,2,13,9,29,0,2,0,6,2,22,0,34,36,22,27,28,2,4,0,34,15,0,6,15,51,,,,1073.0,
2025-08,21,71,5,16,0,27,19,3,7,2,2,1,1,27,23,58,131,13,1,12,5,4,9,2,4,68,5,6,7,105,21,7,16,15,36,0,1,5,8,4,20,1,43,18,25,153,21,12,4,1,58,17,0,5,10,61,,,,1196.0,
2025-09,21,43,3,14,0,27,12,5,10,19,3,7,0,29,21,60,162,9,4,10,6,2,9,11,2,18,6,6,5,133,22,9,11,7,28,2,3,5,5,4,29,2,22,33,26,6,19,4,0,3,46,5,3,0,7,44,,,,981.0,
2025-10,21,45,2,12,0,29,12,6,0,27,1,2,0,10,13,70,203,3,2,12,9,10,7,2,7,29,8,6,2,98,7,6,10,6,32,0,4,3,10,7,19,0,32,17,19,13,18,6,2,2,19,15,0,4,0,36,,,,914.0,
2025-11,21,46,8,3,1,15,14,3,3,11,1,1,2,11,7,41,138,9,0,3,6,1,5,5,1,26,8,3,2,55,5,1,1,5,21,1,0,6,8,7,26,2,39,11,21,12,9,3,0,6,22,4,1,0,0,73,,,,713.0,
2025-12,21,67,0,4,0,22,17,10,1,12,0,2,2,10,10,38,161,11,0,9,3,1,4,0,2,46,12,0,4,61,7,0,2,5,27,2,2,5,0,2,32,4,31,4,1,1,8,6,0,1,16,7,0,3,0,14,,,,689.0,
2019-01,22,11,37,11,0,32,42,5,0,1,0,4,0,0,0,0,0,2,4,0,0,0,4,0,1,19,0,0,3,0,1,8,6,82,35,0,0,0,2,0,15,1,5,0,0,10,6,14,3,0,74,1,2,0,0,0,,,,,441.0
2019-02,22,31,29,20,2,31,43,12,2,3,0,4,0,1,3,51,6,2,3,4,7,0,4,0,4,247,2,4,6,3,7,17,31,9,32,1,0,1,3,2,140,3,9,1,0,61,16,22,4,1,119,6,3,0,0,0,,,,,1012.0
2019-03,22,75,29,72,1,45,40,8,1,28,7,11,0,13,15,72,133,37,2,6,14,18,10,4,14,376,46,3,9,122,45,17,20,14,72,1,5,5,4,9,136,8,44,19,5,17,19,35,3,1,120,10,1,1,0,14,,,,,1836.0
2019-04,22,67,57,63,4,45,75,2,5,16,5,6,0,16,11,76,162,32,2,20,14,9,15,3,4,264,16,4,8,117,27,20,47,23,93,1,4,9,15,8,113,9,48,16,24,38,32,44,12,2,65,39,1,6,0,37,,,,,1851.0
2019-05,22,58,45,70,4,43,49,4,2,11,4,7,56,12,20,79,337,30,1,11,13,10,9,1,6,290,25,8,6,171,39,18,70,16,88,1,11,11,15,10,214,11,57,22,17,38,52,98,10,14,31,42,0,4,14,36,,,,,2321.0
2019-06,22,40,35,88,7,43,35,4,1,21,6,6,1,19,21,93,413,32,3,10,18,4,12,4,3,225,43,18,7,210,59,14,72,23,57,5,4,11,10,13,210,8,113,64,46,31,39,146,6,7,26,50,1,4,27,63,,,,,2531.0
2019-07,22,52,42,68,6,40,38,4,3,19,7,7,0,28,27,93,777,21,6,13,14,10,12,67,5,200,67,13,7,324,46,22,47,15,71,4,6,17,19,9,204,10,124,44,39,31,56,181,13,15,324,37,2,3,21,43,,,,,3373.0
2019-08,22,65,53,66,7,48,39,6,5,16,8,5,6,45,37,130,530,26,4,10,25,4,24,10,3,178,59,14,13,280,56,9,33,32,71,2,4,9,19,8,137,4,97,34,20,38,46,155,13,6,262,22,2,6,33,54,,,,,2888.0
2019-09,22,51,68,96,2,41,30,3,7,14,3,3,4,30,24,109,475,25,1,10,26,6,14,17,7,127,25,14,14,251,33,19,20,23,144,5,30,11,13,4,161,7,68,26,23,64,32,105,11,7,104,16,1,4,19,26,,,,,2473.0
2019-10,22,51,54,63,5,41,44,2,4,21,4,1,8,36,22,64,457,28,5,7,22,5,12,0,9,96,22,11,8,211,35,25,28,19,126,3,6,12,13,3,274,14,47,20,42,17,31,97,8,9,69,19,3,6,6,51,,,,,2296.0
2019-11,22,48,48,49,3,39,32,3,2,9,2,7,5,17,17,65,524,26,2,14,15,2,8,1,9,91,40,8,13,116,24,6,17,6,65,0,18,16,23,16,179,15,24,19,15,9,21,30,5,7,52,4,0,3,0,115,,,,,1904.0
2019-12,22,52,47,44,1,48,31,6,4,22,5,3,2,12,19,82,703,18,1,7,11,4,9,0,16,99,22,5,7,107,36,7,12,10,109,1,10,13,13,16,120,11,38,12,4,18,11,21,2,5,55,15,2,0,0,58,,,,,1986.0
2020-01,22,61,43,47,0,54,29,3,1,12,1,3,9,4,14,71,877,29,0,8,15,4,11,0,18,128,29,8,2,108,20,7,20,14,35,3,5,19,15,5,229,8,91,8,8,35,14,30,5,4,74,31,1,4,0,7,,,,,2281.0
2020-02,22,74,40,33,1,45,21,8,2,10,1,9,8,11,16,50,604,14,2,11,26,2,13,0,10,138,25,7,8,143,28,8,16,10,50,1,14,11,9,8,72,6,89,3,4,34,11,16,6,4,34,12,5,1,0,1,,,,,1785.0
2020-03,22,65,21,44,0,38,24,3,21,7,1,12,9,21,16,73,623,20,1,5,28,4,9,0,6,113,13,4,10,94,31,11,16,11,90,1,5,7,9,11,49,12,27,2,6,12,19,37,3,1,12,16,1,2,0,9,,,,,1685.0
2020-04,22,10,7,65,1,53,25,2,64,9,3,5,0,23,12,78,534,10,2,4,12,1,19,1,12,124,13,5,3,152,13,9,26,16,51,1,9,12,10,17,78,10,39,11,4,14,12,48,4,1,14,34,2,4,0,37,,,,,1725.0
2020-05,22,41,14,58,16,49,41,6,47,16,8,3,1,14,35,117,661,13,1,19,21,1,7,2,13,92,46,17,4,251,47,11,90,18,49,1,5,8,20,21,62,10,105,18,9,39,40,90,3,6,12,124,1,49,13,89,,,,,2554.0
2020-06,22,53,12,50,5,79,23,7,29,27,6,2,6,23,26,123,585,17,1,20,9,1,12,8,9,63,106,14,10,238,32,15,38,16,88,0,7,11,10,14,110,6,43,108,87,35,39,209,13,3,13,42,0,11,18,64,,,,,2596.0
2020-07,22,71,19,30,7,92,40,5,46,13,6,4,1,23,20,154,634,25,8,28,19,0,4,94,7,87,70,12,13,295,48,15,31,22,78,6,5,11,5,7,170,3,54,59,42,30,40,146,8,5,20,14,2,4,21,79,,,,,2752.0
2020-08,22,77,11,30,2,91,38,3,35,14,5,6,0,25,28,160,388,25,5,18,25,4,10,10,8,36,33,19,10,227,48,9,19,17,39,2,0,9,13,8,249,38,55,585,431,35,83,176,6,8,21,11,2,4,15,88,,,,,3314.0
2020-09,22,54,11,31,1,66,33,3,30,22,5,5,2,40,22,115,718,28,1,16,15,6,7,3,13,42,25,15,7,229,49,14,13,20,213,7,4,11,14,10,132,9,49,75,92,18,34,117,12,2,43,14,2,3,24,44,,,,,2590.0
2020-10,22,93,10,35,10,60,25,10,29,31,3,5,1,21,15,103,274,21,1,10,20,7,4,7,7,34,30,14,2,179,31,7,13,9,51,4,2,10,11,14,125,5,41,24,34,43,33,70,4,7,17,8,0,11,0,61,,,,,1696.0
2020-11,22,48,10,20,3,79,23,5,39,24,6,7,2,19,17,78,390,29,2,12,15,1,5,1,8,28,40,7,5,146,32,1,18,5,79,2,5,6,5,9,65,16,79,12,23,3,15,36,2,0,11,12,2,3,0,183,,,,,1693.0
2020-12,22,54,15,21,1,56,24,10,32,12,2,2,3,18,10,70,1423,10,1,14,13,3,17,2,11,66,25,3,2,121,28,5,8,15,39,4,5,12,6,7,56,4,70,14,12,18,15,21,4,2,18,3,1,2,0,48,,,,,2458.0
2021-01,22,57,7,49,0,66,23,4,20,11,0,0,1,11,7,85,314,22,1,15,19,5,11,3,4,123,58,3,3,101,23,7,5,8,65,3,3,8,14,3,20,8,42,22,2,6,7,14,3,3,12,9,1,1,0,4,,,,,1316.0
2021-02,22,53,4,6,5,35,60,15,7,15,2,4,0,7,6,48,549,6,0,86,6,14,4,0,8,91,80,5,0,55,55,6,8,4,55,2,3,8,8,5,23,6,52,0,1,3,2,21,5,7,16,5,1,9,0,0,,,,,1476.0
2021-03,22,121,11,48,5,89,34,5,18,12,10,1,1,20,16,142,809,20,2,34,23,1,12,0,3,160,88,9,3,163,61,29,10,20,84,1,8,11,11,20,115,8,209,15,15,20,29,72,5,6,37,7,0,2,0,38,,,,,2693.0
2021-04,22,58,13,42,1,74,33,0,9,12,2,1,0,26,14,117,676,23,3,6,14,4,24,0,5,87,28,12,5,208,41,11,16,23,105,1,8,10,11,8,39,15,110,28,18,39,39,84,6,1,20,6,0,6,0,47,,,,,2189.0
2021-05,22,61,15,24,2,63,42,1,3,9,6,4,0,33,26,94,506,28,2,8,20,8,19,3,7,53,9,22,2,245,61,9,13,16,111,0,16,10,16,9,61,9,82,43,37,70,85,229,6,8,19,15,2,1,20,82,,,,,2345.0
2021-06,22,83,25,30,10,76,34,8,6,31,8,3,0,38,21,92,543,25,6,15,13,10,23,11,5,55,46,7,7,326,64,14,58,20,63,1,3,10,6,10,83,6,125,97,63,20,67,130,7,4,19,63,2,53,25,63,,,,,2633.0
2021-07,22,58,13,33,6,69,43,14,5,22,7,1,0,33,21,136,538,27,5,12,32,5,14,4,3,67,31,12,4,307,58,13,32,22,74,0,8,7,5,6,89,2,78,47,49,23,39,99,7,9,124,22,1,15,23,83,,,,,2457.0
2021-08,22,59,6,28,4,60,28,8,6,31,2,4,0,36,35,100,470,27,7,24,32,9,12,18,4,36,12,14,2,295,49,10,30,20,51,0,6,13,8,6,66,9,63,52,52,69,53,143,8,8,52,19,4,9,18,68,,,,,2255.0
2021-09,22,59,11,37,1,59,52,8,13,29,4,4,0,45,22,97,467,33,6,5,21,2,12,7,3,90,25,14,2,272,52,10,8,21,74,0,4,7,12,8,56,5,79,35,30,14,39,171,10,7,31,7,3,1,8,44,,,,,2136.0
2021-10,22,50,15,41,5,50,54,10,10,14,5,2,0,20,17,79,366,27,7,10,27,7,16,1,8,55,12,7,2,227,43,13,15,20,95,1,4,8,5,8,105,16,41,42,57,34,32,77,9,3,25,28,0,6,0,56,,,,,1887.0
2021-11,22,72,11,41,3,44,19,4,7,24,8,3,1,25,15,72,486,29,4,6,28,5,8,1,3,56,11,9,2,163,32,5,8,6,37,0,2,3,7,9,75,11,68,27,14,25,26,49,4,7,24,3,2,1,0,129,,,,,1734.0
2021-12,22,65,14,24,1,47,32,7,10,17,8,1,0,23,15,86,454,15,3,21,17,2,12,2,5,44,15,3,9,102,20,6,5,8,34,3,1,6,13,7,85,10,45,24,16,37,17,11,3,5,22,8,0,2,0,89,,,,,1531.0
2022-01,22,69,3,2,0,52,28,9,19,39,7,3,0,12,14,59,477,13,4,19,17,31,6,3,10,80,70,0,7,74,29,3,2,15,51,1,0,5,16,2,67,5,65,12,3,10,8,18,6,2,29,5,0,4,0,13,,,,,1498.0
2022-02,22,93,6,18,0,35,43,11,7,25,1,1,1,15,13,39,303,22,1,18,22,5,8,3,9,213,48,7,9,87,35,7,20,8,51,1,2,10,9,3,131,7,72,1,5,34,9,0,12,3,28,15,1,10,0,1,,,,,1538.0
2022-03,22,110,9,58,9,46,38,6,6,11,9,4,0,36,26,95,563,28,2,7,26,6,21,9,5,269,19,5,5,162,50,17,23,21,58,4,1,13,10,12,108,8,80,26,14,69,35,1,9,9,10,27,1,8,0,32,,,,,2236.0
2022-04,22,105,12,94,3,39,41,8,3,25,7,2,0,32,11,65,510,25,3,11,22,10,13,1,9,281,24,6,6,141,31,26,39,23,68,1,2,14,9,15,55,14,55,24,21,47,29,118,9,5,14,42,1,2,3,34,,,,,2210.0
2022-05,22,101,16,73,2,54,35,10,7,19,4,5,1,26,27,87,489,33,2,8,21,2,13,3,13,153,14,9,5,138,43,15,49,21,38,0,6,13,10,14,76,8,204,27,19,78,52,125,5,3,21,42,1,4,12,110,,,,,2366.0
2022-06,22,88,16,51,4,43,43,14,2,11,19,3,0,31,37,81,477,25,0,28,13,2,10,11,6,142,19,11,8,186,29,12,39,19,33,0,7,8,14,14,74,5,93,62,41,46,56,123,9,11,35,29,0,2,36,93,,,,,2271.0
2022-07,22,90,11,26,3,44,39,8,4,8,4,2,0,38,34,83,614,23,3,12,19,9,11,6,5,135,15,13,7,204,44,10,16,13,28,4,26,11,11,7,75,9,63,44,31,31,57,96,7,6,27,16,1,3,16,98,,,,,2220.0
2022-08,22,84,13,17,2,47,48,5,2,15,8,7,0,56,34,81,605,31,3,14,21,13,13,8,5,104,26,23,5,172,52,11,5,10,34,0,6,24,16,2,64,3,68,95,66,36,45,135,9,9,19,14,0,3,28,68,,,,,2284.0
2022-09,22,63,15,30,2,46,34,4,2,24,8,2,0,29,33,87,654,43,5,9,14,5,12,3,8,78,6,14,5,180,40,11,16,15,44,3,6,10,6,10,68,3,82,38,18,49,43,56,10,4,118,16,1,10,7,65,,,,,2164.0
2022-10,22,56,15,40,0,44,29,6,4,7,3,2,1,28,15,58,510,32,0,13,18,8,23,0,3,63,7,15,7,131,21,9,12,9,38,1,4,6,16,5,112,9,58,20,14,67,31,56,3,4,36,8,3,2,8,102,,,,,1792.0
2022-11,22,53,14,20,1,39,35,8,0,22,0,3,0,13,17,66,561,24,1,9,18,10,9,1,1,26,3,8,1,108,15,1,6,9,33,3,0,9,8,12,84,11,40,40,40,26,14,44,8,7,30,10,2,4,1,202,,,,,1730.0
2022-12,22,70,8,21,3,20,31,9,4,51,3,3,1,16,19,44,315,14,6,13,6,16,10,2,6,91,11,3,3,86,18,6,9,7,56,2,4,9,10,4,27,13,47,19,12,21,10,11,2,1,24,21,0,8,0,60,,,,,1286.0
2023-01,22,77,5,49,1,46,22,4,7,42,4,2,0,20,17,74,392,21,4,12,11,6,3,1,12,233,10,10,2,114,32,6,13,12,33,1,0,9,10,9,78,4,79,14,6,16,8,3,6,2,21,34,3,9,0,21,,,,,1630.0
2023-02,22,66,8,46,4,31,29,5,8,17,6,2,4,15,16,56,447,18,2,5,7,2,9,1,5,158,7,7,3,77,38,13,39,15,29,0,1,7,13,8,49,5,100,22,7,29,17,22,7,7,22,58,0,9,0,18,,,,,1596.0
2023-03,22,98,19,85,3,38,36,7,3,14,3,5,3,20,20,60,475,23,0,16,16,3,14,0,7,215,6,9,6,115,35,10,27,20,43,1,1,10,8,11,40,1,73,43,14,29,26,2,6,2,18,37,0,5,0,15,,,,,1796.0
2023-04,22,72,23,47,0,37,35,8,2,14,4,2,0,33,24,70,381,39,3,7,14,3,12,1,3,126,5,8,6,127,18,7,9,17,55,1,1,10,9,13,39,18,83,65,40,70,39,26,2,2,13,20,1,2,0,93,,,,,1759.0
2023-05,22,96,16,51,1,44,37,2,3,14,11,1,0,34,25,92,372,30,5,10,16,0,11,5,5,108,6,8,1,155,39,8,9,23,31,1,2,10,12,20,49,5,53,25,22,45,55,124,6,12,38,18,5,2,14,123,,,,,1910.0
2023-06,22,124,27,35,2,42,30,3,3,23,12,0,0,37,41,95,372,32,3,16,16,6,14,11,3,53,12,19,7,151,48,11,15,18,42,0,0,16,13,10,42,11,69,50,48,108,63,114,8,9,29,10,1,2,14,90,,,,,2030.0
2023-07,22,91,6,35,12,43,57,21,5,18,5,0,1,23,36,79,337,37,5,18,16,2,2,26,3,60,4,14,7,164,58,12,59,34,31,2,20,3,10,8,50,13,58,91,64,40,48,103,9,2,48,86,0,73,25,120,,,,,2194.0
2023-08,22,127,12,26,1,47,57,7,7,10,8,5,0,36,30,102,360,39,6,18,21,4,8,37,6,65,14,16,7,194,46,8,20,33,42,0,6,12,10,7,80,13,75,63,44,39,46,59,20,10,29,31,1,8,31,95,,,,,2098.0
2023-09,22,66,8,47,3,40,37,6,7,18,10,6,0,21,29,97,418,29,1,11,11,2,9,36,6,59,13,13,12,159,37,10,19,33,38,1,4,10,15,15,59,7,57,42,21,31,30,66,10,2,30,16,1,5,18,56,,,,,1807.0
2023-10,22,86,15,38,2,40,40,10,9,6,4,3,2,27,26,76,478,24,4,6,18,2,19,8,8,50,3,13,5,140,31,17,15,24,61,0,0,6,8,12,105,15,54,38,28,17,44,83,9,19,27,21,3,2,5,107,,,,,1913.0
2023-11,22,94,11,16,2,43,24,13,13,31,6,3,0,14,23,85,470,29,3,40,21,9,12,4,4,38,15,6,3,128,20,6,9,14,59,2,14,10,18,21,62,17,61,12,9,15,19,144,2,7,31,8,1,2,0,225,,,,,1948.0
2023-12,22,50,6,18,1,34,24,6,6,17,3,1,1,11,20,50,390,21,1,8,7,4,8,4,4,43,6,10,4,66,27,2,13,11,28,0,2,11,15,11,29,4,47,18,8,16,11,74,3,3,26,16,1,3,0,89,,,,,1292.0
2024-01,22,88,8,19,3,37,27,22,8,30,2,3,0,20,14,58,412,16,2,22,8,16,11,9,7,192,8,1,1,86,31,8,16,17,37,1,3,4,12,10,76,17,58,10,26,9,21,109,3,4,31,47,1,7,0,15,,,,,1703.0
2024-02,22,84,17,42,2,33,31,9,7,13,3,5,1,28,21,55,395,10,2,9,11,6,9,2,6,166,5,13,7,91,24,2,6,33,33,2,0,7,17,11,45,6,53,46,10,30,20,75,3,5,26,5,2,2,0,24,,,,,1570.0
2024-03,22,111,9,56,8,40,27,9,6,13,1,3,1,21,19,69,334,32,3,16,11,3,9,13,6,136,12,9,6,72,19,10,26,22,102,1,1,8,16,13,61,5,63,41,17,33,35,59,8,3,80,66,4,9,0,44,,,,,1801.0
2024-04,22,96,9,65,0,40,42,13,4,14,6,5,0,13,12,74,416,29,5,5,12,3,9,0,4,259,7,14,4,138,25,5,33,16,120,0,7,17,25,21,57,13,77,37,22,35,43,25,4,7,875,51,1,10,3,90,,,,,2917.0
2024-05,22,138,6,47,9,37,47,12,4,25,8,2,1,19,32,63,408,47,3,10,26,5,17,2,5,212,5,17,9,145,47,6,44,26,61,0,3,2,12,14,155,14,100,174,144,42,108,92,6,8,34,84,0,6,29,173,,,,,2745.0
2024-06,22,98,18,50,1,44,29,24,1,14,5,4,0,23,46,69,454,22,4,17,23,0,19,12,3,134,12,13,3,165,30,17,19,29,104,2,7,12,11,6,152,6,72,130,120,31,91,29,4,7,18,38,1,2,22,119,,,,,2386.0
2024-07,22,105,10,49,2,52,41,5,3,17,12,1,0,34,29,109,575,31,6,14,22,3,15,26,5,129,4,16,6,161,69,22,25,26,58,2,14,13,11,21,129,30,42,285,297,84,109,69,10,5,49,37,0,3,37,119,,,,,3048.0
2024-08,22,67,9,24,2,50,39,9,7,18,4,4,0,26,24,86,491,31,8,10,17,2,13,21,6,72,10,16,4,147,38,5,7,30,134,1,6,14,7,16,70,10,46,99,56,29,31,73,8,13,26,20,3,4,26,83,,,,,2072.0
2024-09,22,92,7,38,2,47,32,9,12,21,3,3,4,31,29,97,400,27,10,16,20,5,19,10,7,101,5,24,6,139,38,10,14,7,69,1,6,5,9,5,55,9,67,73,49,28,43,2,5,12,20,24,1,6,14,64,,,,,1852.0
2024-10,22,66,7,30,3,35,45,19,7,25,3,2,7,43,26,93,519,26,5,14,11,7,13,3,2,60,6,26,0,161,30,14,16,21,58,2,10,8,11,17,53,6,99,32,46,34,52,29,8,6,37,17,1,2,1,123,,,,,1997.0
2024-11,22,57,8,32,1,28,28,8,5,8,4,1,1,16,16,68,372,24,4,11,20,18,19,2,4,57,10,6,2,88,27,9,12,17,44,4,2,4,9,27,75,9,83,22,14,17,27,35,6,0,27,22,1,1,0,171,,,,,1583.0
2024-12,22,88,8,10,1,37,32,7,4,25,8,2,0,11,14,60,427,17,3,8,16,2,10,11,3,27,7,3,7,55,26,3,5,8,26,1,5,10,11,9,22,11,86,10,7,23,8,7,4,3,23,11,1,4,0,117,,,,,1344.0
2025-01,22,98,17,22,4,44,29,13,5,66,2,2,2,25,16,56,298,12,6,9,10,44,9,5,8,48,17,5,7,62,17,4,7,12,27,0,7,15,5,6,47,3,122,9,5,12,8,2,1,6,19,34,3,6,0,12,,,,,1330.0
2025-02,22,73,12,25,0,31,33,6,3,37,4,1,1,13,14,72,430,17,1,16,12,10,18,6,12,180,14,5,8,61,19,12,8,10,43,2,6,12,4,6,32,6,86,17,11,53,14,38,3,2,30,16,2,7,0,8,,,,,1562.0
2025-03,22,130,20,81,3,45,31,7,7,26,4,2,2,21,27,76,402,26,5,10,10,5,8,5,3,179,7,5,13,92,42,9,14,18,37,0,1,11,7,5,64,11,104,35,19,25,29,90,3,6,18,30,2,2,0,65,,,,,1899.0
2025-04,22,101,10,80,7,43,29,2,6,25,6,3,1,33,28,84,382,31,8,7,18,1,9,1,5,290,7,21,11,118,36,16,27,16,53,0,6,5,15,19,50,18,60,18,44,66,48,45,4,0,18,67,2,9,0,103,,,,,2112.0
2025-05,22,102,7,66,1,44,58,8,8,23,2,1,3,31,26,98,355,36,4,8,28,4,21,1,10,162,8,23,10,161,34,10,10,17,53,0,0,6,9,9,72,5,74,66,52,54,61,65,8,11,37,18,1,6,13,154,,,,,2154.0
2025-06,22,111,3,59,2,57,34,7,13,15,11,3,2,58,39,118,402,21,4,11,26,5,9,8,4,125,6,17,7,189,52,5,16,28,58,1,9,12,13,14,71,14,62,68,83,93,90,106,11,7,42,37,0,3,33,164,,,,,2458.0
2025-07,22,100,9,51,1,54,44,11,8,25,4,2,12,34,53,113,517,29,5,21,35,15,9,7,5,98,11,11,10,220,61,12,24,29,37,1,2,9,13,16,31,6,90,72,86,153,60,58,7,3,108,45,0,10,53,137,,,,,2637.0
2025-08,22,112,22,35,2,38,35,4,4,15,4,2,6,56,55,123,546,24,3,24,23,0,6,2,9,74,9,13,8,191,47,8,32,24,53,2,2,6,6,11,47,3,63,61,81,51,56,126,9,3,154,39,1,13,49,112,,,,,2504.0
2025-09,22,101,5,27,0,42,33,7,2,32,9,0,13,55,56,112,629,33,4,8,27,4,20,22,8,59,12,14,10,198,54,10,14,19,41,1,2,9,14,20,46,5,48,63,83,18,61,66,7,3,102,19,1,2,51,93,,,,,2394.0
2025-10,22,109,8,32,2,44,35,9,9,25,7,1,17,61,32,86,778,39,0,14,13,1,10,3,16,42,15,9,6,164,36,11,11,15,60,2,5,11,8,10,58,9,59,44,41,44,42,37,5,3,50,16,1,2,9,70,,,,,2246.0
2025-11,22,78,8,20,2,46,25,14,3,10,5,1,13,22,35,60,675,21,2,16,7,6,7,4,3,40,12,9,7,89,33,3,5,14,41,5,0,6,6,18,60,13,94,41,38,11,24,167,3,5,42,6,2,1,0,243,,,,,2121.0
2025-12,22,91,5,6,6,28,31,17,4,22,6,3,10,11,23,50,590,27,2,39,7,2,8,0,9,32,17,12,11,49,24,3,7,11,32,1,1,5,5,13,50,16,71,8,13,8,6,220,8,4,38,17,1,0,0,47,,,,,1727.0
